compound_name,MaxAbsEStateIndex,MaxEStateIndex,MinAbsEStateIndex,MinEStateIndex,qed,SPS,MolWt,HeavyAtomMolWt,ExactMolWt,NumValenceElectrons,NumRadicalElectrons,MaxPartialCharge,MinPartialCharge,MinAbsPartialCharge,FpDensityMorgan1,FpDensityMorgan2,FpDensityMorgan3,AvgIpc,BalabanJ,BertzCT,Chi0,Chi0n,Chi0v,Chi1,Chi1n,Chi1v,Chi2n,Chi2v,Chi3n,Chi3v,Chi4n,Chi4v,HallKierAlpha,Ipc,Kappa1,Kappa2,Kappa3,LabuteASA,PEOE_VSA1,PEOE_VSA10,PEOE_VSA11,PEOE_VSA12,PEOE_VSA13,PEOE_VSA14,PEOE_VSA2,PEOE_VSA3,PEOE_VSA4,PEOE_VSA5,PEOE_VSA6,PEOE_VSA7,PEOE_VSA8,PEOE_VSA9,SMR_VSA1,SMR_VSA10,SMR_VSA2,SMR_VSA3,SMR_VSA4,SMR_VSA5,SMR_VSA6,SMR_VSA7,SMR_VSA8,SMR_VSA9,SlogP_VSA1,SlogP_VSA10,SlogP_VSA11,SlogP_VSA12,SlogP_VSA2,SlogP_VSA3,SlogP_VSA4,SlogP_VSA5,SlogP_VSA6,SlogP_VSA7,SlogP_VSA8,SlogP_VSA9,TPSA,EState_VSA1,EState_VSA10,EState_VSA11,EState_VSA2,EState_VSA3,EState_VSA4,EState_VSA5,EState_VSA6,EState_VSA7,EState_VSA8,EState_VSA9,VSA_EState1,VSA_EState10,VSA_EState2,VSA_EState3,VSA_EState4,VSA_EState5,VSA_EState6,VSA_EState7,VSA_EState8,VSA_EState9,FractionCSP3,HeavyAtomCount,NHOHCount,NOCount,NumAliphaticCarbocycles,NumAliphaticHeterocycles,NumAliphaticRings,NumAromaticCarbocycles,NumAromaticHeterocycles,NumAromaticRings,NumHAcceptors,NumHDonors,NumHeteroatoms,NumRotatableBonds,NumSaturatedCarbocycles,NumSaturatedHeterocycles,NumSaturatedRings,RingCount,MolLogP,MolMR,fr_Al_COO,fr_Al_OH,fr_Al_OH_noTert,fr_ArN,fr_Ar_COO,fr_Ar_N,fr_Ar_NH,fr_Ar_OH,fr_COO,fr_COO2,fr_C_O,fr_C_O_noCOO,fr_C_S,fr_HOCCN,fr_Imine,fr_NH0,fr_NH1,fr_NH2,fr_N_O,fr_Ndealkylation1,fr_Ndealkylation2,fr_Nhpyrrole,fr_SH,fr_aldehyde,fr_alkyl_carbamate,fr_alkyl_halide,fr_allylic_oxid,fr_amide,fr_amidine,fr_aniline,fr_aryl_methyl,fr_azide,fr_azo,fr_barbitur,fr_benzene,fr_benzodiazepine,fr_bicyclic,fr_diazo,fr_dihydropyridine,fr_epoxide,fr_ester,fr_ether,fr_furan,fr_guanido,fr_halogen,fr_hdrzine,fr_hdrzone,fr_imidazole,fr_imide,fr_isocyan,fr_isothiocyan,fr_ketone,fr_ketone_Topliss,fr_lactam,fr_lactone,fr_methoxy,fr_morpholine,fr_nitrile,fr_nitro,fr_nitro_arom,fr_nitro_arom_nonortho,fr_nitroso,fr_oxazole,fr_oxime,fr_para_hydroxylation,fr_phenol,fr_phenol_noOrthoHbond,fr_phos_acid,fr_phos_ester,fr_piperdine,fr_piperzine,fr_priamide,fr_prisulfonamd,fr_pyridine,fr_quatN,fr_sulfide,fr_sulfonamd,fr_sulfone,fr_term_acetylene,fr_tetrazole,fr_thiazole,fr_thiocyan,fr_thiophene,fr_unbrch_alkane,fr_urea,YRed/Ox
phen-III,4.346851851851852,4.346851851851852,0,0,0.14615715820215588,10.604651162790697,730.8599999999999,706.6679999999999,732.16607972827,203,1,3,-0.253960355,0.25396035503188663,0.23255813953488372,0.3953488372093023,0.5581395348837209,3.0855406789618405,1.1349753596086292e-07,1912.6258615334336,28.141406665871923,22.893241424144044,25.43364725924833,20.84846922834953,13.6049357401206,13.6049357401206,9.6474159926894,9.6474159926894,7.033791121455528,7.033791121455528,5.039220786430706,5.039220786430706,-5.243636364,10186274366.128345,27.903180918063843,12.730799680413703,5.765592790573732,260.1447971091663,0,0,0,0,0,19.790413011458444,29.90387112568325,0,0,0,72.79640482153933,36.39820241076966,69.49840671646723,33.10020430569757,19.790413011458444,65.41754959248634,0,29.90387112568325,0,0,0,146.37566866198748,0,0,0,0,0,0,29.90387112568325,19.790413011458444,0,0,146.37566866198748,0,65.41754959248634,0,77.34,0,0,0,19.790413011458444,0,65.41754959248634,0,37.18106142967846,36.39820241076966,102.7002759472226,0,0,0,26.081111111111113,6.826111111111112,5.8644444444444455,0,36.41611111111112,10.812222222222221,0,0,0,43,0,6,0,0,0,3,6,9,6,0,7,0,0,0,0,9,8.346500000000004,171.13199999999966,0,0,0,0,0,6,0,0,0,0,0,0,0,0,0,6,0,0,0,0,0,0,0,0,0,0,0,0,0,0,0,0,0,0,3,0,9,0,0,0,0,0,0,0,0,0,0,0,0,0,0,0,0,0,0,0,0,0,0,0,0,0,0,0,0,0,0,0,0,0,0,0,0,6,0,0,0,0,0,0,0,0,0,0,0,0.61
phen-I,4.346851851851852,4.346851851851852,0,0,0.14615715820215588,10.604651162790697,730.8599999999999,706.6679999999999,732.16607972827,205,1,1,-0.253960355,0.25396035503188663,0.23255813953488372,0.3953488372093023,0.5581395348837209,3.0855406789618405,1.1349753596086292e-07,1912.6258615334336,28.141406665871923,22.893241424144044,25.43364725924833,20.84846922834953,13.6049357401206,13.6049357401206,9.6474159926894,9.6474159926894,7.033791121455528,7.033791121455528,5.039220786430706,5.039220786430706,-5.243636364,10186274366.128345,27.903180918063843,12.730799680413703,5.765592790573732,260.1447971091663,0,0,0,0,0,19.790413011458444,29.90387112568325,0,0,0,72.79640482153933,36.39820241076966,69.49840671646723,33.10020430569757,19.790413011458444,65.41754959248634,0,29.90387112568325,0,0,0,146.37566866198748,0,0,0,0,0,0,29.90387112568325,19.790413011458444,0,0,146.37566866198748,0,65.41754959248634,0,77.34,0,0,0,19.790413011458444,0,65.41754959248634,0,37.18106142967846,36.39820241076966,102.7002759472226,0,0,0,26.081111111111113,6.826111111111112,5.8644444444444455,0,36.41611111111112,10.812222222222221,0,0,0,43,0,6,0,0,0,3,6,9,6,0,7,0,0,0,0,9,8.346500000000004,171.13199999999966,0,0,0,0,0,6,0,0,0,0,0,0,0,0,0,6,0,0,0,0,0,0,0,0,0,0,0,0,0,0,0,0,0,0,3,0,9,0,0,0,0,0,0,0,0,0,0,0,0,0,0,0,0,0,0,0,0,0,0,0,0,0,0,0,0,0,0,0,0,0,0,0,0,6,0,0,0,0,0,0,0,0,0,0,0,-1.52
bpy-III,4.186481481481481,4.186481481481481,0,0,0.2183400226669215,9.405405405405405,658.794,634.6020000000001,660.16607972827,179,1,3,-0.25462112,0.2546211197806089,0.24324324324324326,0.40540540540540543,0.5135135135135135,3.005228505836846,1.5209999856792004e-07,1100.6355244588483,24.677305050734173,19.893241424144048,22.43364725924833,17.898979485566358,11.37288493255172,11.37288493255172,7.289867403275765,7.289867403275765,4.776652171091974,4.776652171091974,3.0856470325184007,3.0856470325184007,-4.463636364,300214345.84618944,27.12932734351119,15.514648772556368,8.920121853599111,229.22609253694716,0,0,0,0,0,19.790413011458444,29.90387112568325,0,0,0,36.39820241076966,72.79640482153933,37.18106142967846,34.163567969090764,19.790413011458444,0,0,29.90387112568325,0,0,0,146.37566866198748,0,34.163567969090764,0,0,0,0,29.90387112568325,19.790413011458444,0,0,146.37566866198748,0,34.163567969090764,0,77.34,0,0,0,19.790413011458444,0,34.163567969090764,0,37.18106142967846,109.19460723230902,29.90387112568325,0,0,0,25.118888888888883,0,5.4894444444444455,0,34.784444444444446,10.607222222222223,0,0,0,37,0,6,0,0,0,0,6,6,6,0,7,3,0,0,0,6,6.4283000000000055,142.4039999999998,0,0,0,0,0,6,0,0,0,0,0,0,0,0,0,6,0,0,0,0,0,0,0,0,0,0,0,0,0,0,0,0,0,0,0,0,0,0,0,0,0,0,0,0,0,0,0,0,0,0,0,0,0,0,0,0,0,0,0,0,0,0,0,0,0,0,0,0,0,0,0,0,0,6,0,0,0,0,0,0,0,0,0,0,0,0.57
bpy-I,4.186481481481481,4.186481481481481,0,0,0.2183400226669215,9.405405405405405,658.794,634.6020000000001,660.16607972827,181,1,1,-0.25462112,0.2546211197806089,0.24324324324324326,0.40540540540540543,0.5135135135135135,3.005228505836846,1.5209999856792004e-07,1100.6355244588483,24.677305050734173,19.893241424144048,22.43364725924833,17.898979485566358,11.37288493255172,11.37288493255172,7.289867403275765,7.289867403275765,4.776652171091974,4.776652171091974,3.0856470325184007,3.0856470325184007,-4.463636364,300214345.84618944,27.12932734351119,15.514648772556368,8.920121853599111,229.22609253694716,0,0,0,0,0,19.790413011458444,29.90387112568325,0,0,0,36.39820241076966,72.79640482153933,37.18106142967846,34.163567969090764,19.790413011458444,0,0,29.90387112568325,0,0,0,146.37566866198748,0,34.163567969090764,0,0,0,0,29.90387112568325,19.790413011458444,0,0,146.37566866198748,0,34.163567969090764,0,77.34,0,0,0,19.790413011458444,0,34.163567969090764,0,37.18106142967846,109.19460723230902,29.90387112568325,0,0,0,25.118888888888883,0,5.4894444444444455,0,34.784444444444446,10.607222222222223,0,0,0,37,0,6,0,0,0,0,6,6,6,0,7,3,0,0,0,6,6.4283000000000055,142.4039999999998,0,0,0,0,0,6,0,0,0,0,0,0,0,0,0,6,0,0,0,0,0,0,0,0,0,0,0,0,0,0,0,0,0,0,0,0,0,0,0,0,0,0,0,0,0,0,0,0,0,0,0,0,0,0,0,0,0,0,0,0,0,0,0,0,0,0,0,0,0,0,0,0,0,6,0,0,0,0,0,0,0,0,0,0,0,-1.5
dMeO-III,5.333918414588057,5.333918414588057,0,0,0.1485216144518842,10.581818181818182,911.0160000000001,874.7280000000001,912.2294678322701,275,1,3,-0.495993523,0.49599352293336285,0.2545454545454545,0.4,0.5272727272727272,3.2449188928309307,1.389961374195972e-07,2297.0596117859254,37.60550828100967,30.878629551789466,33.419035386893746,26.54059965825199,16.779170354295367,16.779170354295367,11.652964946368515,11.652964946368515,8.943135107683887,8.943135107683887,6.399720584164832,6.399720584164832,-6.443636364,2287567226960.1284,38.286112420102725,17.136884357023455,7.2649856623096545,329.0157211725874,28.421177722800294,67.597275305401,0,0,0,19.790413011458444,29.90387112568325,0,0,0,0,72.79640482153933,69.49840671646723,42.65878524766519,48.211590734258735,65.41754959248634,0,29.90387112568325,0,0,42.65878524766519,109.97746625121779,0,34.49707099970343,28.421177722800294,0,34.49707099970343,0,72.56265637334846,19.790413011458444,0,0,109.97746625121779,0,65.41754959248634,0,132.72000000000003,0,0,0,19.790413011458444,0,99.91462059218976,0,79.83984667734363,72.79640482153933,29.90387112568325,28.421177722800294,32.00351048752834,0,26.371893424036283,5.712517006802722,4.948611111111111,4.786221655328799,22.928802437641725,10.343826530612244,0,9.904617346938775,0.14285714285714285,55,0,12,0,0,0,3,6,9,12,0,13,6,0,0,0,9,8.398100000000005,210.4439999999995,0,0,0,0,0,6,0,0,0,0,0,0,0,0,0,6,0,0,0,0,0,0,0,0,0,0,0,0,0,0,0,0,0,0,3,0,9,0,0,0,0,6,0,0,0,0,0,0,0,0,0,0,0,0,0,6,0,0,0,0,0,0,0,0,0,0,0,0,0,0,0,0,0,6,0,0,0,0,0,0,0,0,0,0,0,0.21
dMeO-I,5.333918414588057,5.333918414588057,0,0,0.1485216144518842,10.581818181818182,911.0160000000001,874.7280000000001,912.2294678322701,279,1,1,-0.495993523,0.49599352293336285,0.2545454545454545,0.4,0.5272727272727272,3.2449188928309307,1.389961374195972e-07,2297.0596117859254,37.60550828100967,30.878629551789466,33.419035386893746,26.54059965825199,16.779170354295367,16.779170354295367,11.652964946368515,11.652964946368515,8.943135107683887,8.943135107683887,6.399720584164832,6.399720584164832,-6.443636364,2287567226960.1284,38.286112420102725,17.136884357023455,7.2649856623096545,329.0157211725874,28.421177722800294,67.597275305401,0,0,0,19.790413011458444,29.90387112568325,0,0,0,0,72.79640482153933,69.49840671646723,42.65878524766519,48.211590734258735,65.41754959248634,0,29.90387112568325,0,0,42.65878524766519,109.97746625121779,0,34.49707099970343,28.421177722800294,0,34.49707099970343,0,72.56265637334846,19.790413011458444,0,0,109.97746625121779,0,65.41754959248634,0,132.72000000000003,0,0,0,19.790413011458444,0,99.91462059218976,0,79.83984667734363,72.79640482153933,29.90387112568325,28.421177722800294,32.00351048752834,0,26.371893424036283,5.712517006802722,4.948611111111111,4.786221655328799,22.928802437641725,10.343826530612244,0,9.904617346938775,0.14285714285714285,55,0,12,0,0,0,3,6,9,12,0,13,6,0,0,0,9,8.398100000000005,210.4439999999995,0,0,0,0,0,6,0,0,0,0,0,0,0,0,0,6,0,0,0,0,0,0,0,0,0,0,0,0,0,0,0,0,0,0,3,0,9,0,0,0,0,6,0,0,0,0,0,0,0,0,0,0,0,0,0,6,0,0,0,0,0,0,0,0,0,0,0,0,0,0,0,0,0,6,0,0,0,0,0,0,0,0,0,0,0,-1.91
OspyMepyz-I,4.5408333333333335,4.5408333333333335,0,0,0.28046132689643993,10.486486486486486,668.7940000000002,642.5860000000002,670.1951229520902,187,1,1,-0.22233301,0.22233300989254776,0.43243243243243246,0.6756756756756757,0.8648648648648649,3.6892002585095947,1.684210481492153e-07,1375.6600037153119,25.070338854006454,20.908593114247616,23.4489989493519,17.440693381224552,11.45188044844821,11.45188044844821,8.55699071547658,8.55699071547658,5.225058146188478,5.225058146188478,3.487108307441957,3.487108307441957,-4.223636364,248789545.95757797,25.856918732900095,11.22731001142929,6.133254517904701,227.2303717450618,0,0,23.271451111340113,0,0,19.790413011458444,0,28.695168782475157,20.39472723320415,0,12.13273413692322,74.21422303939691,24.787374286452305,24.787374286452305,19.790413011458444,0,0,49.08989601567931,0,27.694948798762496,0,108.22675695046225,0,23.271451111340113,0,0,0,0,49.08989601567931,19.790413011458444,27.694948798762496,22.253805966787983,85.97295098367425,0,23.271451111340113,0,97.06,0,0,0,19.790413011458444,0,45.52525707812809,0,18.72721174058074,113.66789978243675,30.362684275098566,0,7.036470144,0,9.081666666666667,17.002033887629125,4.433839548164945,3.143529856,11.59184051398337,15.027235659695977,8.016717057193247,0,0.15384615384615385,37,0,10,0,0,0,0,6,6,10,0,11,4,0,0,0,6,4.1371800000000025,135.9099999999999,0,0,0,0,0,10,0,0,0,0,0,0,0,0,0,10,0,0,0,0,0,0,0,0,0,0,0,0,0,0,4,0,0,0,0,0,0,0,0,0,0,0,0,0,0,0,0,0,0,0,0,0,0,0,0,0,0,0,0,0,0,0,0,0,0,0,0,0,0,0,0,0,0,2,0,0,0,0,0,0,0,0,0,0,0,-1.9
OspyMepyz-III,4.5408333333333335,4.5408333333333335,0,0,0.28046132689643993,10.486486486486486,668.7940000000002,642.5860000000002,670.1940257922702,185,1,3,-0.22233301,0.22233300989254776,0.43243243243243246,0.6756756756756757,0.8648648648648649,3.6892002585095947,1.684210481492153e-07,1375.6600037153119,25.070338854006454,20.908593114247616,23.4489989493519,17.440693381224552,11.45188044844821,11.45188044844821,8.55699071547658,8.55699071547658,5.225058146188478,5.225058146188478,3.487108307441957,3.487108307441957,-4.223636364,248789545.95757797,25.856918732900095,11.22731001142929,6.133254517904701,227.2303717450618,0,0,23.271451111340113,0,0,19.790413011458444,0,28.695168782475157,20.39472723320415,0,12.13273413692322,74.21422303939691,24.787374286452305,24.787374286452305,19.790413011458444,0,0,49.08989601567931,0,27.694948798762496,0,108.22675695046225,0,23.271451111340113,0,0,0,0,49.08989601567931,19.790413011458444,27.694948798762496,22.253805966787983,85.97295098367425,0,23.271451111340113,0,97.06,0,0,0,19.790413011458444,0,45.52525707812809,0,18.72721174058074,113.66789978243675,30.362684275098566,0,7.036470144,0,9.081666666666667,17.002033887629125,4.433839548164945,3.143529856,11.59184051398337,15.027235659695977,8.016717057193247,0,0.15384615384615385,37,0,10,0,0,0,0,6,6,10,0,11,4,0,0,0,6,4.1371800000000025,135.9099999999999,0,0,0,0,0,10,0,0,0,0,0,0,0,0,0,10,0,0,0,0,0,0,0,0,0,0,0,0,0,0,4,0,0,0,0,0,0,0,0,0,0,0,0,0,0,0,0,0,0,0,0,0,0,0,0,0,0,0,0,0,0,0,0,0,0,0,0,0,0,0,0,0,0,2,0,0,0,0,0,0,0,0,0,0,0,0.59
Ostpy-I,4.588240740740741,4.588240740740741,0,0,0.21846546687191537,9.945945945945946,656.778,634.6020000000001,658.15152682409,179,1,1,-0.25462064,0.25462063976016264,0.2702702702702703,0.5135135135135135,0.7297297297297297,2.994170924224319,1.684210481728534e-07,1287.9654127507056,24.41779202674033,19.73854088576479,22.278946720869076,17.865305980755146,11.464384351080314,11.464384351080314,7.676046890244145,7.676046890244145,5.207481934432005,5.207481934432005,3.497134424603017,3.497134424603017,-4.463636364,346142638.7570982,25.623961436430275,13.013506661011656,6.815236896330381,228.2202613834179,0,0,0,0,0,19.790413011458444,19.935914083788834,9.967957041894417,0,0,36.39820241076966,72.79640482153933,24.787374286452305,45.55142395878768,19.790413011458444,0,0,29.90387112568325,0,0,0,133.98198151876133,0,45.55142395878768,0,0,0,0,29.90387112568325,19.790413011458444,0,0,133.98198151876133,0,45.55142395878768,0,77.34,0,0,0,19.790413011458444,0,45.55142395878768,0,24.787374286452305,109.19460723230902,29.90387112568325,0,0,0,26.379904257999492,0,6.922348828420258,0,34.95785084404132,7.0732294028722595,0,0,0,37,0,6,0,0,0,0,6,6,6,0,7,4,0,0,0,6,6.408700000000006,141.3979999999998,0,0,0,0,0,6,0,0,0,0,0,0,0,0,0,6,0,0,0,0,0,0,0,0,0,0,0,0,0,0,0,0,0,0,0,0,0,0,0,0,0,0,0,0,0,0,0,0,0,0,0,0,0,0,0,0,0,0,0,0,0,0,0,0,0,0,0,0,0,0,0,0,0,6,0,0,0,0,0,0,0,0,0,0,0,-1.48
Ostpy-III,4.588240740740741,4.588240740740741,0,0,0.21846546687191537,9.945945945945946,656.778,634.6020000000001,658.1504296642701,177,1,3,-0.25462064,0.25462063976016264,0.2702702702702703,0.5135135135135135,0.7297297297297297,2.994170924224319,1.684210481728534e-07,1287.9654127507056,24.41779202674033,19.73854088576479,22.278946720869076,17.865305980755146,11.464384351080314,11.464384351080314,7.676046890244145,7.676046890244145,5.207481934432005,5.207481934432005,3.497134424603017,3.497134424603017,-4.463636364,346142638.7570982,25.623961436430275,13.013506661011656,6.815236896330381,228.2202613834179,0,0,0,0,0,19.790413011458444,19.935914083788834,9.967957041894417,0,0,36.39820241076966,72.79640482153933,24.787374286452305,45.55142395878768,19.790413011458444,0,0,29.90387112568325,0,0,0,133.98198151876133,0,45.55142395878768,0,0,0,0,29.90387112568325,19.790413011458444,0,0,133.98198151876133,0,45.55142395878768,0,77.34,0,0,0,19.790413011458444,0,45.55142395878768,0,24.787374286452305,109.19460723230902,29.90387112568325,0,0,0,26.379904257999492,0,6.922348828420258,0,34.95785084404132,7.0732294028722595,0,0,0,37,0,6,0,0,0,0,6,6,6,0,7,4,0,0,0,6,6.408700000000006,141.3979999999998,0,0,0,0,0,6,0,0,0,0,0,0,0,0,0,6,0,0,0,0,0,0,0,0,0,0,0,0,0,0,0,0,0,0,0,0,0,0,0,0,0,0,0,0,0,0,0,0,0,0,0,0,0,0,0,0,0,0,0,0,0,0,0,0,0,0,0,0,0,0,0,0,0,6,0,0,0,0,0,0,0,0,0,0,0,0.77
Os-bMebi-I,4.71822373393802,4.71822373393802,0,0,0.17484896068164385,11.311475409836065,977.1779999999999,934.8419999999998,978.3264714640901,301,1,1,-0.32449333,0.32449332969651645,0.22950819672131148,0.36065573770491804,0.4918032786885246,4.126607812257483,1.1612194972211782e-07,2934.584547099036,41.06960989614741,34.57652299714378,37.116928832248064,29.262060586270454,19.763946334137003,19.763946334137003,14.898849155309708,14.898849155309708,11.322865976770043,11.322865976770043,8.073121133041084,8.073121133041084,-7.223636364,93882824652784.25,39.248736217533065,15.750794722022532,6.674980802778447,364.0205238593959,27.40259788674813,0,34.946426987999565,0,0,19.790413011458444,0,29.90387112568325,0,0,72.79640482153933,72.79640482153933,42.286031896063136,66.20040861139513,19.790413011458444,66.20040861139513,0,57.30646901243138,42.286031896063136,0,0,145.59280964307868,0,34.946426987999565,0,0,0,0,57.30646901243138,62.07644490752158,0,0,145.59280964307868,0,101.14683559939468,0,106.92,0,0,0,19.790413011458444,0,101.14683559939468,0,0,151.48063912837213,63.80080029751778,29.90387112568325,12.562777777777779,0,28.309342403628115,0,12.70340136054422,5.360555555555557,48.87336734693878,0,0,12.190555555555553,0.125,61,0,12,0,0,0,6,6,12,12,0,13,3,0,0,0,12,9.378499999999999,241.26599999999942,0,0,0,0,0,12,0,0,0,0,0,0,0,0,0,12,0,0,0,0,0,0,0,0,0,0,0,0,0,0,6,0,0,0,6,0,6,0,0,0,0,0,0,0,0,0,0,6,0,0,0,0,0,0,0,0,0,0,0,0,0,0,0,0,12,0,0,0,0,0,0,0,0,0,0,0,0,0,0,0,0,0,0,0,0,-1.64
Os-bMebi-III,4.71822373393802,4.71822373393802,0,0,0.17484896068164385,11.311475409836065,977.1779999999999,934.8419999999998,978.3253743042701,299,1,3,-0.32449333,0.32449332969651645,0.22950819672131148,0.36065573770491804,0.4918032786885246,4.126607812257483,1.1612194972211782e-07,2934.584547099036,41.06960989614741,34.57652299714378,37.116928832248064,29.262060586270454,19.763946334137003,19.763946334137003,14.898849155309708,14.898849155309708,11.322865976770043,11.322865976770043,8.073121133041084,8.073121133041084,-7.223636364,93882824652784.25,39.248736217533065,15.750794722022532,6.674980802778447,364.0205238593959,27.40259788674813,0,34.946426987999565,0,0,19.790413011458444,0,29.90387112568325,0,0,72.79640482153933,72.79640482153933,42.286031896063136,66.20040861139513,19.790413011458444,66.20040861139513,0,57.30646901243138,42.286031896063136,0,0,145.59280964307868,0,34.946426987999565,0,0,0,0,57.30646901243138,62.07644490752158,0,0,145.59280964307868,0,101.14683559939468,0,106.92,0,0,0,19.790413011458444,0,101.14683559939468,0,0,151.48063912837213,63.80080029751778,29.90387112568325,12.562777777777779,0,28.309342403628115,0,12.70340136054422,5.360555555555557,48.87336734693878,0,0,12.190555555555553,0.125,61,0,12,0,0,0,6,6,12,12,0,13,3,0,0,0,12,9.378499999999999,241.26599999999942,0,0,0,0,0,12,0,0,0,0,0,0,0,0,0,12,0,0,0,0,0,0,0,0,0,0,0,0,0,0,6,0,0,0,6,0,6,0,0,0,0,0,0,0,0,0,0,6,0,0,0,0,0,0,0,0,0,0,0,0,0,0,0,0,12,0,0,0,0,0,0,0,0,0,0,0,0,0,0,0,0,0,0,0,0,0.18
OsCltpy-I,6.154233749055177,6.154233749055177,0,0,0.18544769537337488,10.102564102564102,725.6680000000002,705.5080000000004,726.0735821200901,191,1,1,-0.254619702,0.25461970196786976,0.358974358974359,0.6153846153846154,0.8205128205128205,2.986068760975346,1.7639999524910013e-07,1384.2448808497998,26.158279002746482,20.339769293403997,24.39203302054519,18.652999680989847,11.66371602913546,12.419644975153913,7.971599427112673,8.844470988056642,5.28953127255025,5.725967053022234,3.5763699174402444,3.9897678222659425,-3.883636364,669717221.6871569,28.132743339044726,13.775260136014008,7.584248552199302,248.82679383718127,0,0,0,0,0,19.790413011458444,19.935914083788834,9.967957041894417,0,0,47.46734805431147,72.79640482153933,34.83264091393496,45.55142395878768,19.790413011458444,23.20187978046503,0,29.90387112568325,0,0,0,131.89451400932074,0,45.55142395878768,0,0,0,23.20187978046503,29.90387112568325,19.790413011458444,0,0,121.8492473818381,10.045266627482652,45.55142395878768,0,77.34,0,0,0,19.790413011458444,10.045266627482652,45.55142395878768,0,49.052842560298735,72.79640482153933,29.90387112568325,23.20187978046503,0,12.308467498110353,26.262558578987147,1.243159486016629,6.151608087679518,0,29.98516439909297,6.937930839002267,0,0,0,39,0,6,0,0,0,0,6,6,6,0,9,4,0,0,0,6,7.715500000000007,151.41799999999967,0,0,0,0,0,6,0,0,0,0,0,0,0,0,0,6,0,0,0,0,0,0,0,0,0,0,0,0,0,0,0,0,0,0,0,0,0,0,0,0,0,0,0,0,2,0,0,0,0,0,0,0,0,0,0,0,0,0,0,0,0,0,0,0,0,0,0,0,0,0,0,0,0,6,0,0,0,0,0,0,0,0,0,0,0,-1.29
OsCltpy-III,6.154233749055177,6.154233749055177,0,0,0.18544769537337488,10.102564102564102,725.6680000000002,705.5080000000004,726.0724849602701,189,1,3,-0.254619702,0.25461970196786976,0.358974358974359,0.6153846153846154,0.8205128205128205,2.986068760975346,1.7639999524910013e-07,1384.2448808497998,26.158279002746482,20.339769293403997,24.39203302054519,18.652999680989847,11.66371602913546,12.419644975153913,7.971599427112673,8.844470988056642,5.28953127255025,5.725967053022234,3.5763699174402444,3.9897678222659425,-3.883636364,669717221.6871569,28.132743339044726,13.775260136014008,7.584248552199302,248.82679383718127,0,0,0,0,0,19.790413011458444,19.935914083788834,9.967957041894417,0,0,47.46734805431147,72.79640482153933,34.83264091393496,45.55142395878768,19.790413011458444,23.20187978046503,0,29.90387112568325,0,0,0,131.89451400932074,0,45.55142395878768,0,0,0,23.20187978046503,29.90387112568325,19.790413011458444,0,0,121.8492473818381,10.045266627482652,45.55142395878768,0,77.34,0,0,0,19.790413011458444,10.045266627482652,45.55142395878768,0,49.052842560298735,72.79640482153933,29.90387112568325,23.20187978046503,0,12.308467498110353,26.262558578987147,1.243159486016629,6.151608087679518,0,29.98516439909297,6.937930839002267,0,0,0,39,0,6,0,0,0,0,6,6,6,0,9,4,0,0,0,6,7.715500000000007,151.41799999999967,0,0,0,0,0,6,0,0,0,0,0,0,0,0,0,6,0,0,0,0,0,0,0,0,0,0,0,0,0,0,0,0,0,0,0,0,0,0,0,0,0,0,0,0,2,0,0,0,0,0,0,0,0,0,0,0,0,0,0,0,0,0,0,0,0,0,0,0,0,0,0,0,0,6,0,0,0,0,0,0,0,0,0,0,0,1.05
Os(tBu-tpy)2-I,4.762407407407407,4.762407407407407,0,0,0.17833474386110407,11.155555555555555,768.9940000000003,730.6900000000003,770.2767273360902,227,1,1,-0.254620455,0.25462045548634005,0.35555555555555557,0.6,0.7777777777777778,3.053460540765642,2.0034782015032153e-07,1547.2957243839205,31.158279002746486,26.58384034738554,29.124246182489824,21.07564941180022,14.785751556126234,14.785751556126234,12.612513915830306,12.612513915830306,7.092039324477944,7.092039324477944,4.50913338098282,4.50913338098282,-4.463636364,6811848551.484467,33.42981155271646,14.544321791321327,8.805816987079513,279.13979829859085,0,0,0,0,0,19.790413011458444,19.935914083788834,9.967957041894417,0,0,65.80789147199017,94.7532887437269,24.787374286452305,45.55142395878768,19.790413011458444,0,0,29.90387112568325,0,52.372404136937305,0,132.9761503652321,0,45.55142395878768,0,0,0,0,29.90387112568325,30.620393950252,0,52.66932618153773,121.8492473818381,0,45.55142395878768,0,77.34,0,0,0,30.620393950252,0,45.55142395878768,11.126902983393991,24.787374286452305,72.79640482153933,85.74380555577902,9.967957041894417,0,0,27.220913328294284,0,9.58044359410431,0,31.987050107079874,7.171490929705215,13.206768707482993,0,0.21052631578947367,45,0,6,0,0,0,0,6,6,6,0,7,4,0,0,0,6,9.003700000000002,178.79799999999946,0,0,0,0,0,6,0,0,0,0,0,0,0,0,0,6,0,0,0,0,0,0,0,0,0,0,0,0,0,0,0,0,0,0,0,0,0,0,0,0,0,0,0,0,0,0,0,0,0,0,0,0,0,0,0,0,0,0,0,0,0,0,0,0,0,0,0,0,0,0,0,0,0,6,0,0,0,0,0,0,0,0,0,0,0,-1.54
Os(tBu-tpy)2-III,4.762407407407407,4.762407407407407,0,0,0.17833474386110407,11.155555555555555,768.9940000000003,730.6900000000003,770.2756301762702,225,1,3,-0.254620455,0.25462045548634005,0.35555555555555557,0.6,0.7777777777777778,3.053460540765642,2.0034782015032153e-07,1547.2957243839205,31.158279002746486,26.58384034738554,29.124246182489824,21.07564941180022,14.785751556126234,14.785751556126234,12.612513915830306,12.612513915830306,7.092039324477944,7.092039324477944,4.50913338098282,4.50913338098282,-4.463636364,6811848551.484467,33.42981155271646,14.544321791321327,8.805816987079513,279.13979829859085,0,0,0,0,0,19.790413011458444,19.935914083788834,9.967957041894417,0,0,65.80789147199017,94.7532887437269,24.787374286452305,45.55142395878768,19.790413011458444,0,0,29.90387112568325,0,52.372404136937305,0,132.9761503652321,0,45.55142395878768,0,0,0,0,29.90387112568325,30.620393950252,0,52.66932618153773,121.8492473818381,0,45.55142395878768,0,77.34,0,0,0,30.620393950252,0,45.55142395878768,11.126902983393991,24.787374286452305,72.79640482153933,85.74380555577902,9.967957041894417,0,0,27.220913328294284,0,9.58044359410431,0,31.987050107079874,7.171490929705215,13.206768707482993,0,0.21052631578947367,45,0,6,0,0,0,0,6,6,6,0,7,4,0,0,0,6,9.003700000000002,178.79799999999946,0,0,0,0,0,6,0,0,0,0,0,0,0,0,0,6,0,0,0,0,0,0,0,0,0,0,0,0,0,0,0,0,0,0,0,0,0,0,0,0,0,0,0,0,0,0,0,0,0,0,0,0,0,0,0,0,0,0,0,0,0,0,0,0,0,0,0,0,0,0,0,0,0,6,0,0,0,0,0,0,0,0,0,0,0,0.87
Os(Th-tpy)2-I,4.762180650037793,4.762180650037793,0,0,0.1663812920504016,10.382978723404255,821.0319999999999,794.8239999999996,822.1269689520901,227,1,1,-0.254620251,0.2546202509754756,0.3404255319148936,0.6595744680851063,0.8936170212765957,3.8944051140238254,1.609523760313824e-07,1856.2909965844244,30.96983379061811,24.864438543451026,29.03783754041076,22.797958971132715,14.549927802754215,16.435545885918344,10.136564166033935,11.696630794728597,7.0690062008975705,8.435474722748168,4.833894027896691,6.1638992831669,-5.063636364,97215866623.07582,31.899980184314725,15.483543839336644,7.84623485812862,293.61517633636913,0,0,0,0,0,19.790413011458444,19.935914083788834,9.967957041894417,22.673571755869474,0,24.26546827384644,128.7031960071142,24.787374286452305,45.55142395878768,19.790413011458444,22.673571755869474,0,29.90387112568325,0,0,0,155.50223260062495,0,67.80522992557566,0,0,0,22.673571755869474,29.90387112568325,19.790413011458444,0,0,155.50223260062495,0,67.80522992557566,0,77.34,0,0,0,19.790413011458444,0,56.67832694218167,11.126902983393991,47.46094604232178,72.79640482153933,77.85436757642215,9.967957041894417,0,3.3722106743932136,27.227947530864203,8.437261904761904,11.505085034013607,0,35.97845374569581,7.145707776937936,0,0,0,47,0,6,0,0,0,0,8,8,8,0,9,6,0,0,0,8,9.865699999999995,188.02399999999957,0,0,0,0,0,6,0,0,0,0,0,0,0,0,0,6,0,0,0,0,0,0,0,0,0,0,0,0,0,0,0,0,0,0,0,0,0,0,0,0,0,0,0,0,0,0,0,0,0,0,0,0,0,0,0,0,0,0,0,0,0,0,0,0,0,0,0,0,0,0,0,0,0,6,0,0,0,0,0,0,0,0,2,0,0,-1.45
Os(Th-tpy)2-III,4.762180650037793,4.762180650037793,0,0,0.1663812920504016,10.382978723404255,821.0319999999999,794.8239999999996,822.12587179227,225,1,3,-0.254620251,0.2546202509754756,0.3404255319148936,0.6595744680851063,0.8936170212765957,3.8944051140238254,1.609523760313824e-07,1856.2909965844244,30.96983379061811,24.864438543451026,29.03783754041076,22.797958971132715,14.549927802754215,16.435545885918344,10.136564166033935,11.696630794728597,7.0690062008975705,8.435474722748168,4.833894027896691,6.1638992831669,-5.063636364,97215866623.07582,31.899980184314725,15.483543839336644,7.84623485812862,293.61517633636913,0,0,0,0,0,19.790413011458444,19.935914083788834,9.967957041894417,22.673571755869474,0,24.26546827384644,128.7031960071142,24.787374286452305,45.55142395878768,19.790413011458444,22.673571755869474,0,29.90387112568325,0,0,0,155.50223260062495,0,67.80522992557566,0,0,0,22.673571755869474,29.90387112568325,19.790413011458444,0,0,155.50223260062495,0,67.80522992557566,0,77.34,0,0,0,19.790413011458444,0,56.67832694218167,11.126902983393991,47.46094604232178,72.79640482153933,77.85436757642215,9.967957041894417,0,3.3722106743932136,27.227947530864203,8.437261904761904,11.505085034013607,0,35.97845374569581,7.145707776937936,0,0,0,47,0,6,0,0,0,0,8,8,8,0,9,6,0,0,0,8,9.865699999999995,188.02399999999957,0,0,0,0,0,6,0,0,0,0,0,0,0,0,0,6,0,0,0,0,0,0,0,0,0,0,0,0,0,0,0,0,0,0,0,0,0,0,0,0,0,0,0,0,0,0,0,0,0,0,0,0,0,0,0,0,0,0,0,0,0,0,0,0,0,0,0,0,0,0,0,0,0,6,0,0,0,0,0,0,0,0,2,0,0,0.72
Os-pyMebi-I,4.858762282690853,4.858762282690853,0,0,0.17653889948401458,11.245283018867925,869.034,834.7620000000001,870.25772320809,259,1,1,-0.325800886,0.3258008856941578,0.2830188679245283,0.5094339622641509,0.7358490566037735,3.9273829606007262,1.4814814312940114e-07,2540.406281941266,35.345995257015836,29.52739526776462,32.067801102868906,25.44069338122454,17.058425285470502,17.058425285470502,12.74870139160011,12.74870139160011,9.563156694631203,9.563156694631203,6.866036601675663,6.866036601675663,-6.303636364,1734604468717.2847,33.81867545330687,13.677936168259057,5.891379955607547,318.0832155983838,18.26839859116542,22.775711979393844,23.297617991999708,0,0,19.790413011458444,0,29.90387112568325,0,0,60.6636706846161,72.79640482153933,28.19068793070876,44.133605740930086,19.790413011458444,44.133605740930086,0,48.172269716848675,28.19068793070876,0,0,133.46007550615548,0,46.07332997139355,0,0,0,0,48.172269716848675,47.9811009421672,0,0,133.46007550615548,0,90.20693571232363,0,97.06,0,0,0,19.790413011458444,0,90.20693571232363,0,0,137.38529516301776,42.53386686501186,29.90387112568325,8.31892290249433,0,28.7404226505417,0,11.631935294677,3.4141265642059295,44.47362655969439,0,0,8.08763269505333,0.09523809523809523,53,0,10,0,0,0,4,6,10,10,0,11,4,0,0,0,10,8.375500000000004,207.30599999999953,0,0,0,0,0,10,0,0,0,0,0,0,0,0,0,10,0,0,0,0,0,0,0,0,0,0,0,0,0,0,4,0,0,0,4,0,4,0,0,0,0,0,0,0,0,0,0,4,0,0,0,0,0,0,0,0,0,0,0,0,0,0,0,0,8,0,0,0,0,0,0,0,0,2,0,0,0,0,0,0,0,0,0,0,0,-1.4
Os-pyMebi-III,4.858762282690853,4.858762282690853,0,0,0.17653889948401458,11.245283018867925,869.034,834.7620000000001,870.25772320809,257,1,3,-0.325800886,0.3258008856941578,0.2830188679245283,0.5094339622641509,0.7358490566037735,3.9273829606007262,1.4814814312940114e-07,2540.406281941266,35.345995257015836,29.52739526776462,32.067801102868906,25.44069338122454,17.058425285470502,17.058425285470502,12.74870139160011,12.74870139160011,9.563156694631203,9.563156694631203,6.866036601675663,6.866036601675663,-6.303636364,1734604468717.2847,33.81867545330687,13.677936168259057,5.891379955607547,318.0832155983838,18.26839859116542,22.775711979393844,23.297617991999708,0,0,19.790413011458444,0,29.90387112568325,0,0,60.6636706846161,72.79640482153933,28.19068793070876,44.133605740930086,19.790413011458444,44.133605740930086,0,48.172269716848675,28.19068793070876,0,0,133.46007550615548,0,46.07332997139355,0,0,0,0,48.172269716848675,47.9811009421672,0,0,133.46007550615548,0,90.20693571232363,0,97.06,0,0,0,19.790413011458444,0,90.20693571232363,0,0,137.38529516301776,42.53386686501186,29.90387112568325,8.31892290249433,0,28.7404226505417,0,11.631935294677,3.4141265642059295,44.47362655969439,0,0,8.08763269505333,0.09523809523809523,53,0,10,0,0,0,4,6,10,10,0,11,4,0,0,0,10,8.375500000000004,207.30599999999953,0,0,0,0,0,10,0,0,0,0,0,0,0,0,0,10,0,0,0,0,0,0,0,0,0,0,0,0,0,0,4,0,0,0,4,0,4,0,0,0,0,0,0,0,0,0,0,4,0,0,0,0,0,0,0,0,0,0,0,0,0,0,0,0,8,0,0,0,0,0,0,0,0,2,0,0,0,0,0,0,0,0,0,0,0,0.31
Osdol-daf-I,5.85212962962963,5.85212962962963,0,-0.770648148,0.2011098623035627,18.923076923076923,868.9349999999997,838.6949999999997,870.18361480009,259,1,1,-0.339635682,0.3396356823289135,0.3076923076923077,0.4807692307692308,0.6538461538461539,4.076983908585109,1.0285714169583673e-07,1893.4504438970446,33.8840473529912,27.62127023890875,30.16167607401303,25.252350636694867,16.829680611512188,16.829680611512188,12.337931139257012,12.337931139257012,9.728632892036345,9.728632892036345,7.763181645541412,7.763181645541412,-4.703636364,2105111708725.019,33.15342245611987,13.056071634452607,4.784438228152135,311.1568560223826,28.421177722800294,0,0,17.36133345771179,0,19.790413011458444,29.90387112568325,0,0,0,0,72.79640482153933,70.56177037986042,73.80485975616827,48.21159073425874,0,0,29.90387112568325,0,17.36133345771179,39.641291787077506,143.35817520139977,0,34.163567969090764,0,0,0,0,69.54516291276076,65.57292419197053,0,33.380708950181976,109.97746625121779,0,34.163567969090764,0,132.72000000000003,17.36133345771179,0,0,19.790413011458444,39.641291787077506,67.54427691927273,0,37.18106142967846,72.79640482153933,29.90387112568325,28.421177722800294,35.11277777777778,0,26.382361111111113,0,10.978888888888891,-2.311944444,23.374027777777776,10.614671201814058,3.5992176870748303,0,0.23076923076923078,52,0,12,3,3,6,0,6,6,12,0,13,0,0,3,3,12,5.112200000000005,180.45599999999953,0,0,0,0,0,6,0,0,0,0,0,0,0,0,0,6,0,0,0,0,0,0,0,0,0,0,0,0,0,0,0,0,0,0,0,0,15,0,0,0,0,6,0,0,0,0,0,0,0,0,0,0,0,0,0,0,0,0,0,0,0,0,0,0,0,0,0,0,0,0,0,0,0,6,0,0,0,0,0,0,0,0,0,0,0,-1.45
Osdol-daf-III,5.85212962962963,5.85212962962963,0,-0.770648148,0.2011098623035627,18.923076923076923,868.9349999999997,838.6949999999997,870.18361480009,257,1,3,-0.339635682,0.3396356823289135,0.3076923076923077,0.4807692307692308,0.6538461538461539,4.076983908585109,1.0285714169583673e-07,1893.4504438970446,33.8840473529912,27.62127023890875,30.16167607401303,25.252350636694867,16.829680611512188,16.829680611512188,12.337931139257012,12.337931139257012,9.728632892036345,9.728632892036345,7.763181645541412,7.763181645541412,-4.703636364,2105111708725.019,33.15342245611987,13.056071634452607,4.784438228152135,311.1568560223826,28.421177722800294,0,0,17.36133345771179,0,19.790413011458444,29.90387112568325,0,0,0,0,72.79640482153933,70.56177037986042,73.80485975616827,48.21159073425874,0,0,29.90387112568325,0,17.36133345771179,39.641291787077506,143.35817520139977,0,34.163567969090764,0,0,0,0,69.54516291276076,65.57292419197053,0,33.380708950181976,109.97746625121779,0,34.163567969090764,0,132.72000000000003,17.36133345771179,0,0,19.790413011458444,39.641291787077506,67.54427691927273,0,37.18106142967846,72.79640482153933,29.90387112568325,28.421177722800294,35.11277777777778,0,26.382361111111113,0,10.978888888888891,-2.311944444,23.374027777777776,10.614671201814058,3.5992176870748303,0,0.23076923076923078,52,0,12,3,3,6,0,6,6,12,0,13,0,0,3,3,12,5.112200000000005,180.45599999999953,0,0,0,0,0,6,0,0,0,0,0,0,0,0,0,6,0,0,0,0,0,0,0,0,0,0,0,0,0,0,0,0,0,0,0,0,15,0,0,0,0,6,0,0,0,0,0,0,0,0,0,0,0,0,0,0,0,0,0,0,0,0,0,0,0,0,0,0,0,0,0,0,0,6,0,0,0,0,0,0,0,0,0,0,0,0.79
Ospybt-I,4.799595616024187,4.799595616024187,0,0,0.175236778993577,11.10204081632653,881.1339999999998,858.9579999999995,882.0398108240901,235,1,1,-0.242725255,0.24272525515578264,0.2653061224489796,0.5102040816326531,0.7551020408163265,3.953267523476584,1.393777731597276e-07,2230.8047373761146,31.86502130500352,25.371534047620248,31.177926206435433,23.73061196151028,15.113709683326292,18.37969600703719,10.763106207458813,14.885701735164274,7.550196404362093,11.78583108829518,5.272935150382416,9.014588660457152,-4.623636364,352743627038.55676,31.63233632429129,13.709769410636305,6.440808645982558,309.5083725920048,0,20.03049478741106,0,0,0,19.790413011458444,0,29.90387112568325,0,45.34714351173895,60.6636706846161,72.79640482153933,0,63.64219451573528,19.790413011458444,86.21362604808039,0,29.90387112568325,0,0,0,133.46007550615548,0,42.806206766804905,0,0,0,45.34714351173895,29.90387112568325,19.790413011458444,0,0,133.46007550615548,0,83.67268930314634,0,77.34,0,0,0,19.790413011458444,0,64.87300963726994,18.799679665876404,45.34714351173895,109.19460723230902,24.26546827384644,29.90387112568325,4.721074622227221,6.674689888300998,28.39726883345931,3.774670781893005,7.657949149816034,0,44.77434672430343,0,0,0,0,49,0,6,0,0,0,4,6,10,10,0,11,4,0,0,0,10,11.267499999999986,202.92999999999964,0,0,0,0,0,6,0,0,0,0,0,0,0,0,0,6,0,0,0,0,0,0,0,0,0,0,0,0,0,0,0,0,0,0,4,0,4,0,0,0,0,0,0,0,0,0,0,0,0,0,0,0,0,0,0,0,0,0,0,0,0,0,0,0,4,0,0,0,0,0,0,0,0,2,0,0,0,0,0,0,4,0,0,0,0,-0.99
Ospybt-III,4.799595616024187,4.799595616024187,0,0,0.175236778993577,11.10204081632653,881.1339999999998,858.9579999999995,882.0398108240901,233,1,3,-0.242725255,0.24272525515578264,0.2653061224489796,0.5102040816326531,0.7551020408163265,3.953267523476584,1.393777731597276e-07,2230.8047373761146,31.86502130500352,25.371534047620248,31.177926206435433,23.73061196151028,15.113709683326292,18.37969600703719,10.763106207458813,14.885701735164274,7.550196404362093,11.78583108829518,5.272935150382416,9.014588660457152,-4.623636364,352743627038.55676,31.63233632429129,13.709769410636305,6.440808645982558,309.5083725920048,0,20.03049478741106,0,0,0,19.790413011458444,0,29.90387112568325,0,45.34714351173895,60.6636706846161,72.79640482153933,0,63.64219451573528,19.790413011458444,86.21362604808039,0,29.90387112568325,0,0,0,133.46007550615548,0,42.806206766804905,0,0,0,45.34714351173895,29.90387112568325,19.790413011458444,0,0,133.46007550615548,0,83.67268930314634,0,77.34,0,0,0,19.790413011458444,0,64.87300963726994,18.799679665876404,45.34714351173895,109.19460723230902,24.26546827384644,29.90387112568325,4.721074622227221,6.674689888300998,28.39726883345931,3.774670781893005,7.657949149816034,0,44.77434672430343,0,0,0,0,49,0,6,0,0,0,4,6,10,10,0,11,4,0,0,0,10,11.267499999999986,202.92999999999964,0,0,0,0,0,6,0,0,0,0,0,0,0,0,0,6,0,0,0,0,0,0,0,0,0,0,0,0,0,0,0,0,0,0,4,0,4,0,0,0,0,0,0,0,0,0,0,0,0,0,0,0,0,0,0,0,0,0,0,0,0,0,0,0,4,0,0,0,0,0,0,0,0,2,0,0,0,0,0,0,4,0,0,0,0,1.02
Os(Fu-tpy)2-I,5.208413643235072,5.208413643235072,0,0,0.16469088005915924,10.382978723404255,788.896,762.6879999999998,790.17265619209,227,1,1,-0.471965006,0.4719650061512201,0.3404255319148936,0.6595744680851063,0.8936170212765957,3.8944051140238254,1.609523760313824e-07,1856.2909965844244,30.96983379061811,24.864438543451026,27.404844378555307,22.797958971132715,14.549927802754215,14.549927802754215,10.136564166033935,10.136564166033935,7.0690062008975705,7.0690062008975705,4.833894027896691,4.833894027896691,-5.903636364,97215866623.07582,31.094246536557655,14.918011439266795,7.498183598777642,283.9231083236998,8.834301874106695,0,0,0,0,19.790413011458444,19.935914083788834,9.967957041894417,0,0,24.26546827384644,96.05604194185656,35.914277269846295,70.60407594134392,28.624714885565137,0,0,29.90387112568325,0,0,0,159.0346335013175,0,67.80522992557566,0,0,0,0,29.90387112568325,19.790413011458444,0,0,167.8689353754242,0,67.80522992557566,0,103.62,0,0,0,19.790413011458444,0,67.80522992557566,0,49.84002626900853,109.19460723230902,19.935914083788834,18.80225891600111,10.416827286470143,0,27.055753653313175,0,10.605141723356011,0,35.088278848576465,13.833998488284202,0,0,0,47,0,8,0,0,0,0,8,8,8,0,9,6,0,0,0,8,8.928700000000001,176.8019999999996,0,0,0,0,0,6,0,0,0,0,0,0,0,0,0,6,0,0,0,0,0,0,0,0,0,0,0,0,0,0,0,0,0,0,0,0,0,0,0,0,0,0,2,0,0,0,0,0,0,0,0,0,0,0,0,0,0,0,0,0,0,0,0,0,0,0,0,0,0,0,0,0,0,6,0,0,0,0,0,0,0,0,0,0,0,-1.45
Os(Fu-tpy)2-III,5.208413643235072,5.208413643235072,0,0,0.16469088005915924,10.382978723404255,788.896,762.6879999999998,790.17265619209,225,1,3,-0.471965006,0.4719650061512201,0.3404255319148936,0.6595744680851063,0.8936170212765957,3.8944051140238254,1.609523760313824e-07,1856.2909965844244,30.96983379061811,24.864438543451026,27.404844378555307,22.797958971132715,14.549927802754215,14.549927802754215,10.136564166033935,10.136564166033935,7.0690062008975705,7.0690062008975705,4.833894027896691,4.833894027896691,-5.903636364,97215866623.07582,31.094246536557655,14.918011439266795,7.498183598777642,283.9231083236998,8.834301874106695,0,0,0,0,19.790413011458444,19.935914083788834,9.967957041894417,0,0,24.26546827384644,96.05604194185656,35.914277269846295,70.60407594134392,28.624714885565137,0,0,29.90387112568325,0,0,0,159.0346335013175,0,67.80522992557566,0,0,0,0,29.90387112568325,19.790413011458444,0,0,167.8689353754242,0,67.80522992557566,0,103.62,0,0,0,19.790413011458444,0,67.80522992557566,0,49.84002626900853,109.19460723230902,19.935914083788834,18.80225891600111,10.416827286470143,0,27.055753653313175,0,10.605141723356011,0,35.088278848576465,13.833998488284202,0,0,0,47,0,8,0,0,0,0,8,8,8,0,9,6,0,0,0,8,8.928700000000001,176.8019999999996,0,0,0,0,0,6,0,0,0,0,0,0,0,0,0,6,0,0,0,0,0,0,0,0,0,0,0,0,0,0,0,0,0,0,0,0,0,0,0,0,0,0,2,0,0,0,0,0,0,0,0,0,0,0,0,0,0,0,0,0,0,0,0,0,0,0,0,0,0,0,0,0,0,6,0,0,0,0,0,0,0,0,0,0,0,0.69
Os-MeOPh-tpy-I,5.2588025217994545,5.2588025217994545,0,0,0.14911738825482712,10.30188679245283,869.0260000000001,834.754,870.2352564480901,259,1,1,-0.496767818,0.49676781835172784,0.32075471698113206,0.6037735849056604,0.8301886792452831,3.246566556528707,1.7798941181472357e-07,2062.598285955261,35.538747891370456,29.019139081830275,31.55954491693456,25.661662276288986,16.653230837609666,16.653230837609666,11.569516996274832,11.569516996274832,8.206692256928841,8.206692256928841,5.5433788488039735,5.5433788488039735,-6.423636364,1171009064287.073,36.370015277095575,17.677045720447648,9.08975935470264,321.291424483353,9.473725907600098,11.49902366656781,0,0,0,19.790413011458444,19.935914083788834,9.967957041894417,0,0,48.53093654769288,119.31567906217379,24.787374286452305,59.77101904134275,29.264138919058542,0,0,29.90387112568325,0,0,14.219595082555067,170.38018392953097,0,79.30425359214348,9.473725907600098,0,11.49902366656781,0,44.12346620823832,19.790413011458444,0,0,170.38018392953097,0,67.80522992557566,0,95.80000000000001,0,0,0,19.790413011458444,0,79.30425359214348,0,39.006969369007365,121.32734136923226,44.201382357635275,19.441682949494513,10.517605043598909,0,27.338950603402267,0,10.899535672293611,1.6624169302452132,47.48066678084355,7.1012238807368675,0,3.3329344222129214,0.045454545454545456,53,0,8,0,0,0,2,6,8,8,0,9,8,0,0,0,8,9.759899999999996,205.37399999999946,0,0,0,0,0,6,0,0,0,0,0,0,0,0,0,6,0,0,0,0,0,0,0,0,0,0,0,0,0,0,0,0,0,0,2,0,0,0,0,0,0,2,0,0,0,0,0,0,0,0,0,0,0,0,0,2,0,0,0,0,0,0,0,0,0,0,0,0,0,0,0,0,0,6,0,0,0,0,0,0,0,0,0,0,0,-1.49
Os-MeOPh-tpy-III,5.2588025217994545,5.2588025217994545,0,0,0.14911738825482712,10.30188679245283,869.0260000000001,834.754,870.2352564480901,257,1,3,-0.496767818,0.49676781835172784,0.32075471698113206,0.6037735849056604,0.8301886792452831,3.246566556528707,1.7798941181472357e-07,2062.598285955261,35.538747891370456,29.019139081830275,31.55954491693456,25.661662276288986,16.653230837609666,16.653230837609666,11.569516996274832,11.569516996274832,8.206692256928841,8.206692256928841,5.5433788488039735,5.5433788488039735,-6.423636364,1171009064287.073,36.370015277095575,17.677045720447648,9.08975935470264,321.291424483353,9.473725907600098,11.49902366656781,0,0,0,19.790413011458444,19.935914083788834,9.967957041894417,0,0,48.53093654769288,119.31567906217379,24.787374286452305,59.77101904134275,29.264138919058542,0,0,29.90387112568325,0,0,14.219595082555067,170.38018392953097,0,79.30425359214348,9.473725907600098,0,11.49902366656781,0,44.12346620823832,19.790413011458444,0,0,170.38018392953097,0,67.80522992557566,0,95.80000000000001,0,0,0,19.790413011458444,0,79.30425359214348,0,39.006969369007365,121.32734136923226,44.201382357635275,19.441682949494513,10.517605043598909,0,27.338950603402267,0,10.899535672293611,1.6624169302452132,47.48066678084355,7.1012238807368675,0,3.3329344222129214,0.045454545454545456,53,0,8,0,0,0,2,6,8,8,0,9,8,0,0,0,8,9.759899999999996,205.37399999999946,0,0,0,0,0,6,0,0,0,0,0,0,0,0,0,6,0,0,0,0,0,0,0,0,0,0,0,0,0,0,0,0,0,0,2,0,0,0,0,0,0,2,0,0,0,0,0,0,0,0,0,0,0,0,0,2,0,0,0,0,0,0,0,0,0,0,0,0,0,0,0,0,0,6,0,0,0,0,0,0,0,0,0,0,0,0.77
Os-naphth-tpy-I,4.854470112118921,4.854470112118921,0,0,0.16539200363502085,10.666666666666666,909.0939999999998,874.8219999999994,910.24542720809,271,1,1,-0.254620251,0.25462025097916235,0.2631578947368421,0.5614035087719298,0.8771929824561403,3.2948481803716874,1.5693486051025693e-07,2580.638794022572,37.52187555449589,30.666744116040306,33.20714995114459,27.764285466321496,18.42848596621808,18.42848596621808,13.165931928445097,13.165931928445097,9.561270014628311,9.561270014628311,6.908385240953559,6.908385240953559,-7.063636364,15214345291365.043,36.889337019346385,17.166212746184286,8.160855138777322,343.69777885901647,0,0,0,0,0,19.790413011458444,19.935914083788834,9.967957041894417,0,0,109.19460723230902,116.5951076461865,24.787374286452305,45.55142395878768,19.790413011458444,21.544896857859182,0,29.90387112568325,0,0,0,206.77838634030056,0,67.80522992557566,0,0,0,0,29.90387112568325,19.790413011458444,0,0,206.77838634030056,0,89.35012678343485,0,77.34,0,0,0,19.790413011458444,0,56.67832694218167,32.671799841253176,24.787374286452305,72.79640482153933,129.13052131609788,9.967957041894417,0,0,27.70080215419501,4.871715167548502,11.314589737129422,0,61.604788044847574,7.174771562946166,0,0,0,57,0,6,0,0,0,4,6,10,6,0,7,6,0,0,0,10,12.049099999999978,227.28199999999944,0,0,0,0,0,6,0,0,0,0,0,0,0,0,0,6,0,0,0,0,0,0,0,0,0,0,0,0,0,0,0,0,0,0,4,0,2,0,0,0,0,0,0,0,0,0,0,0,0,0,0,0,0,0,0,0,0,0,0,0,0,0,0,0,0,0,0,0,0,0,0,0,0,6,0,0,0,0,0,0,0,0,0,0,0,-1.44
Os-naphth-tpy-III,4.854470112118921,4.854470112118921,0,0,0.16539200363502085,10.666666666666666,909.0939999999998,874.8219999999994,910.24542720809,269,1,3,-0.254620251,0.25462025097916235,0.2631578947368421,0.5614035087719298,0.8771929824561403,3.2948481803716874,1.5693486051025693e-07,2580.638794022572,37.52187555449589,30.666744116040306,33.20714995114459,27.764285466321496,18.42848596621808,18.42848596621808,13.165931928445097,13.165931928445097,9.561270014628311,9.561270014628311,6.908385240953559,6.908385240953559,-7.063636364,15214345291365.043,36.889337019346385,17.166212746184286,8.160855138777322,343.69777885901647,0,0,0,0,0,19.790413011458444,19.935914083788834,9.967957041894417,0,0,109.19460723230902,116.5951076461865,24.787374286452305,45.55142395878768,19.790413011458444,21.544896857859182,0,29.90387112568325,0,0,0,206.77838634030056,0,67.80522992557566,0,0,0,0,29.90387112568325,19.790413011458444,0,0,206.77838634030056,0,89.35012678343485,0,77.34,0,0,0,19.790413011458444,0,56.67832694218167,32.671799841253176,24.787374286452305,72.79640482153933,129.13052131609788,9.967957041894417,0,0,27.70080215419501,4.871715167548502,11.314589737129422,0,61.604788044847574,7.174771562946166,0,0,0,57,0,6,0,0,0,4,6,10,6,0,7,6,0,0,0,10,12.049099999999978,227.28199999999944,0,0,0,0,0,6,0,0,0,0,0,0,0,0,0,6,0,0,0,0,0,0,0,0,0,0,0,0,0,0,0,0,0,0,4,0,2,0,0,0,0,0,0,0,0,0,0,0,0,0,0,0,0,0,0,0,0,0,0,0,0,0,0,0,0,0,0,0,0,0,0,0,0,6,0,0,0,0,0,0,0,0,0,0,0,0.88
