SMILES,MoleculeName
[Ir+4].[c-]1c(-c2ccccn2)sc2ccccc12.[c-]1c(-c2ccccn2)sc2ccccc12.c1c[nH]c(-c2ncc[nH]2)n1,(btp)2Irbiim+
Fc1c[c-]c(-c2cnc3ccccc3n2)c(F)c1.Fc1c[c-]c(-c2cnc3ccccc3n2)c(F)c1.[Ir+4].c1c[nH]c(-c2ncc[nH]2)n1,(dfpqx)2Irbiim+
COc1c[c-]c(-c2cnc3ccccc3n2)c(OC)c1.COc1c[c-]c(-c2cnc3ccccc3n2)c(OC)c1.[Ir+4].c1c[nH]c(-c2ncc[nH]2)n1,(dmpqx)2Irbiim+
[Ir+4].[c-]1ccccc1-c1cnc2ccccc2n1.[c-]1ccccc1-c1cnc2ccccc2n1.c1c[nH]c(-c2ncc[nH]2)n1,(pqx)2Irbiim+
Cc1c(C)c(C)[c-](C)c1C.[H-].[H]OC(=O)c1ccnc(-c2cc(C(=O)O[H])ccn2)c1.[Ir+4],CpIrbpyCOOHH+
Cc1c(C)c(C)[c-](C)c1C.[H-].[Ir+4].c1ccc(-c2ccccn2)nc1,CpIrbpyH+
COc1ccnc(-c2cc(OC)ccn2)c1.Cc1c(C)c(C)[c-](C)c1C.[H-].[Ir+4],CpIrbpyOMeH+
CC(=O)/C=C(/C)[O-].[Ir+4].[c-]1ccc2ccccc2c1-c1ccccn1.[c-]1ccc2ccccc2c1-c1ccccn1,Ir(1np)2acac
CC(C)(C)C(=O)/C=C(\[O-])C(C)(C)C.[Ir+4].[c-]1ccc2ccccc2c1-c1ccccn1.[c-]1ccc2ccccc2c1-c1ccccn1,Ir(1np)2dpm
CC(=O)/C=C(/C)[O-].Fc1c[c-]c(-c2ccccn2)c(F)n1.Fc1c[c-]c(-c2ccccn2)c(F)n1.[Ir+4],"Ir(2,4-dFbpy)2acac"
Fc1c[c-]c(-c2ccccn2)c(F)c1.Fc1c[c-]c(-c2ccccn2)c(F)c1.O=C([O-])c1ccccn1.[Ir+4],"Ir(2,4-dFppy)2(Pic)"
CC(=O)/C=C(/C)[O-].COc1c[c-]c(-c2ccccn2)c(OC)n1.COc1c[c-]c(-c2ccccn2)c(OC)n1.[Ir+4],"Ir(2,4-dMeO-bpy)2acac"
CC(=O)/C=C(/C)[O-].COc1c[c-]c(-c2ccccn2)c(OC)c1.COc1c[c-]c(-c2ccccn2)c(OC)c1.[Ir+4],"Ir(2,4-dMeOppy)2acac"
Fc1c[c-]c(-c2ccccn2)c(F)c1.Fc1c[c-]c(-c2ccccn2)c(F)c1.[Ir+4].c1ccc([Si](c2ccccc2)(c2ccccc2)c2ccc(-c3ccnc(-c4cc(-c5ccc([Si](c6ccccc6)(c6ccccc6)c6ccccc6)cc5)ccn4)c3)cc2)cc1,"Ir(3,5-dFppy)2(4,4'-dTPS-bpy)+"
Fc1c[c-]c(-c2ccccn2)c(F)c1.Fc1c[c-]c(-c2ccccn2)c(F)c1.Fc1c[c-]c(-c2ccccn2)c(F)c1.[Ir+4],Ir(46dFppy)3
[Ir+4].[c-]1cc(-n2c3ccccc3c3ccccc32)ccc1-c1ccccn1.[c-]1cc(-n2c3ccccc3c3ccccc32)ccc1-c1ccccn1.[c-]1cc(-n2c3ccccc3c3ccccc32)ccc1-c1ccccn1,Ir(4carbazole-ppy)3
FC(F)(F)c1c[c-]c(-c2ccccn2)cc1.FC(F)(F)c1c[c-]c(-c2ccccn2)cc1.O=S(=O)([O-])c1ccccn1.[Ir+4],Ir(4-CFppy)2(PySO3)
[Ir+4].[c-]1cc(N(c2ccccc2)c2ccccc2)ccc1-c1ccccn1.[c-]1cc(N(c2ccccc2)c2ccccc2)ccc1-c1ccccn1.[c-]1cc(N(c2ccccc2)c2ccccc2)ccc1-c1ccccn1,Ir(4diphenylamine-ppy)3
FC(F)(F)c1c[c-]c(-c2ccccn2)cc1.FC(F)(F)c1c[c-]c(-c2ccccn2)cc1.FC(F)(F)c1c[c-]c(-c2ccccn2)cc1.[Ir+4],Ir(4-F3C-ppy)3
Fc1c[c-]c(-c2ccccn2)cc1.Fc1c[c-]c(-c2ccccn2)cc1.Fc1c[c-]c(-c2ccccn2)cc1.[Ir+4],Ir(4-Fppy)3
CC(C)c1c[c-]c(-c2ccccn2)cc1.CC(C)c1c[c-]c(-c2ccccn2)cc1.CC(C)c1c[c-]c(-c2ccccn2)cc1.[Ir+4],Ir(4-iPr-ppy)3
COc1c[c-]c(-c2ccccn2)c(C)c1.COc1c[c-]c(-c2ccccn2)c(C)c1.O=C([O-])c1ccccn1.[Ir+4],Ir(4-MeO-2-mbpy)2(Pic)
CC(=O)/C=C(/C)[O-].COc1c[c-]c(-c2ccccn2)c(C)n1.COc1c[c-]c(-c2ccccn2)c(C)n1.[Ir+4],Ir(4-MeO-2-mbpy)2acac
CC(=O)/C=C(/C)[O-].COc1c[c-]c(-c2ccccn2)c(C)c1.COc1c[c-]c(-c2ccccn2)c(C)c1.[Ir+4],Ir(4-MeO-2-mppy)2acac
COc1c[c-]c(-c2ccccn2)cc1.COc1c[c-]c(-c2ccccn2)cc1.COc1c[c-]c(-c2ccccn2)cc1.[Ir+4],Ir(4-MeO-ppy)3
Cc1c[c-]c(-c2ccccn2)cc1.Cc1c[c-]c(-c2ccccn2)cc1.Cc1c[c-]c(-c2ccccn2)cc1.[Ir+4],Ir(4-Me-ppy)3
Cc1csc(-c2[c-]cccc2)n1.Cc1csc(-c2[c-]cccc2)n1.[Ir+4].c1ccc(-c2ccccn2)nc1,Ir(4m-tzph)2(bpy)+
CCCc1c[c-]c(-c2ccccn2)cc1.CCCc1c[c-]c(-c2ccccn2)cc1.CCCc1c[c-]c(-c2ccccn2)cc1.[Ir+4],Ir(4-nPr-ppy)3
[Ir+4].[c-]1cc(N2c3ccccc3Sc3ccccc32)ccc1-c1ccccn1.[c-]1cc(N2c3ccccc3Sc3ccccc32)ccc1-c1ccccn1.[c-]1cc(N2c3ccccc3Sc3ccccc32)ccc1-c1ccccn1,Ir(4phenothiazine-ppy)3
[Ir+4].[c-]1cc(N2c3ccccc3Oc3ccccc32)ccc1-c1ccccn1.[c-]1cc(N2c3ccccc3Oc3ccccc32)ccc1-c1ccccn1.[c-]1cc(N2c3ccccc3Oc3ccccc32)ccc1-c1ccccn1,Ir(4phenoxazine-ppy)3
CC(C)(C)c1ccnc(-c2[c-]cc(F)cc2F)c1.CC(C)(C)c1ccnc(-c2[c-]cc(F)cc2F)c1.CC(C)(C)c1ccnc(-c2[c-]cc(F)cc2F)c1.[Ir+4],Ir(4-tBu-4'6'dFppy)3
CC(C)(C)c1ccnc(-c2[c-]cc(F)cc2)c1.CC(C)(C)c1ccnc(-c2[c-]cc(F)cc2)c1.CC(C)(C)c1ccnc(-c2ccc(F)cc2)c1.[CH3-].[Ir+4],Ir(4-tBu-4'-F-ppy)3
CC(C)(C)c1c[c-]c(-c2ccccn2)cc1.CC(C)(C)c1c[c-]c(-c2ccccn2)cc1.CC(C)(C)c1c[c-]c(-c2ccccn2)cc1.[Ir+4],Ir(4-tBuppy)3
[Ir+4].[c-]1ccccc1-c1cc(-c2ccc([Si](c3ccccc3)(c3ccccc3)c3ccccc3)cc2)ccn1.[c-]1ccccc1-c1cc(-c2ccc([Si](c3ccccc3)(c3ccccc3)c3ccccc3)cc2)ccn1.c1ccc(-c2ccccn2)nc1,Ir(4'-TPSppy)2bpy+
[Ir+4].[c-]1ccc(-c2ccc([Si](c3ccccc3)(c3ccccc3)c3ccccc3)cc2)cc1-c1ccccn1.[c-]1ccc(-c2ccc([Si](c3ccccc3)(c3ccccc3)c3ccccc3)cc2)cc1-c1ccccn1.c1ccc(-c2ccccn2)nc1,Ir(4-TPSppy)2bpy+
COc1cc[c-]c(-c2ccccn2)c1.COc1cc[c-]c(-c2ccccn2)c1.COc1cc[c-]c(-c2ccccn2)c1.[Ir+4],Ir(5-MeO-ppy)3
Cc1c[c-]c(-c2ccccn2)s1.Cc1c[c-]c(-c2ccccn2)s1.Cc1c[c-]c(-c2ccccn2)s1.[Ir+4],Ir(5m-thpy)3
CC(C)(C)c1cc[c-]c(-c2ccccn2)c1.CC(C)(C)c1cc[c-]c(-c2ccccn2)c1.CC(C)(C)c1cc[c-]c(-c2ccccn2)c1.[Ir+4],Ir(5-tBuppy)3
Brc1ccc2nc(-c3[c-]cccc3)cc(-c3ccccc3)c2c1.Brc1ccc2nc(-c3[c-]cccc3)cc(-c3ccccc3)c2c1.CC(=O)/C=C(/C)[O-].[Ir+4],"Ir(6-Br-2,4-dpq)2(acac)"
FC(F)(F)c1ccc[c-]c1-c1ccccn1.FC(F)(F)c1ccc[c-]c1-c1ccccn1.O=S(=O)([O-])c1ccccn1.[Ir+4],Ir(6-CFppy)2(PySO3)
CC(=O)/C=C(/C)[O-].[Ir+4].[c-]1ccccc1-c1nc2ccccc2o1.[c-]1ccccc1-c1nc2ccccc2o1,Ir(bo)2acac
CC(C)(C)C(=O)/C=C(\[O-])C(C)(C)C.[Ir+4].[c-]1ccccc1-c1nc2ccccc2o1.[c-]1ccccc1-c1nc2ccccc2o1,Ir(bo)2dpm
[Ir+4].c1ccc(-c2ccccn2)nc1.c1ccc(-c2ccccn2)nc1.c1ccc(-c2ccccn2)nc1,Ir(bpy)33+
Cc1ccc(-c2[c-]cc(Br)cc2)nc1.Cc1ccc(-c2[c-]cc(Br)cc2)nc1.Cc1ccnc(-c2cc(C)ccn2)c1.[Ir+4],Ir(Br-mppy)2(4-4'dmbpy)+
Cc1ccc(-c2[c-]cc(Br)cc2)nc1.Cc1ccc(-c2[c-]cc(Br)cc2)nc1.Cc1ccnc2c1ccc1cccnc12.[Ir+4],Ir(Br-mppy)2(4-Mephen)+
Cc1ccc(-c2[c-]cc(Br)cc2)nc1.Cc1ccc(-c2[c-]cc(Br)cc2)nc1.Cc1ccc(-c2ccc(C)cn2)nc1.[Ir+4],"Ir(Br-mppy)2(5,5'dmbpy)+"
Cc1cc2cccnc2c2ncccc12.Cc1ccc(-c2[c-]cc(Br)cc2)nc1.Cc1ccc(-c2[c-]cc(Br)cc2)nc1.[Ir+4],Ir(Br-mppy)2(5-Mephen)+
Cc1ccc(-c2[c-]cc(Br)cc2)nc1.Cc1ccc(-c2[c-]cc(Br)cc2)nc1.[Ir+4].c1ccc(-c2ccccn2)nc1,Ir(Br-mppy)2(bpy)+
C(=C\P(c1ccccc1)c1ccccc1)\P(c1ccccc1)c1ccccc1.Cc1ccc(-c2[c-]cc(Br)cc2)nc1.Cc1ccc(-c2[c-]cc(Br)cc2)nc1.[Ir+4],Ir(Br-mppy)2(dppe)+
CC(C)(C)c1ccnc(-c2cc(C(C)(C)C)ccn2)c1.Cc1ccc(-c2[c-]cc(Br)cc2)nc1.Cc1ccc(-c2[c-]cc(Br)cc2)nc1.[Ir+4],Ir(Br-mppy)2(dtbbpy)+
Cc1ccc(-c2[c-]cc(Br)cc2)nc1.Cc1ccc(-c2[c-]cc(Br)cc2)nc1.Cc1cnc2c(ccc3c(C)c(C)cnc32)c1C.[Ir+4],Ir(Br-mppy)2(Me4phen)+
Cc1ccc(-c2[c-]cc(Br)cc2)nc1.Cc1ccc(-c2[c-]cc(Br)cc2)nc1.[Ir+4].c1cnc2c(c1)ccc1cccnc12,Ir(Br-mppy)2(phen)+
CC(=O)/C=C(/C)[O-].[Ir+4].[c-]1ccc2ccccc2c1-c1nc2ccccc2s1.[c-]1ccc2ccccc2c1-c1nc2ccccc2s1,Ir(bsn)2acac
CC(C)(C)C(=O)/C=C(\[O-])C(C)(C)C.[Ir+4].[c-]1ccc2ccccc2c1-c1nc2ccccc2s1.[c-]1ccc2ccccc2c1-c1nc2ccccc2s1,Ir(bsn)2dpm
CC(=O)/C=C(/C)[O-].[Ir+4].[c-]1ccccc1-c1nc2ccccc2s1.[c-]1ccccc1-c1nc2ccccc2s1,Ir(bt)2acac
[C-]#[N+]c1c(C(C)C)cccc1C(C)C.[C-]#[N+]c1c(C(C)C)cccc1C(C)C.[Ir+4].[c-]1ccccc1-c1nc2ccccc2s1.[c-]1ccccc1-c1nc2ccccc2s1,Ir(bt)2-CNArdipp+
[C-]#[N+]c1c(C)cccc1C.[C-]#[N+]c1c(C)cccc1C.[Ir+4].[c-]1ccccc1-c1nc2ccccc2s1.[c-]1ccccc1-c1nc2ccccc2s1,Ir(bt)2-CNArdmp+
[C-]#[N+]c1ccc2ccccc2c1.[C-]#[N+]c1ccc2ccccc2c1.[Ir+4].[c-]1ccccc1-c1nc2ccccc2s1.[c-]1ccccc1-c1nc2ccccc2s1,Ir(bt)2-CNArnap+
CC(C)(C)C(=O)/C=C(\[O-])C(C)(C)C.[Ir+4].[c-]1ccccc1-c1nc2ccccc2s1.[c-]1ccccc1-c1nc2ccccc2s1,Ir(bt)2dpm
CC(=O)/C=C(/C)[O-].[Ir+4].[c-]1c(-c2ccccn2)sc2ccccc12.[c-]1c(-c2ccccn2)sc2ccccc12,Ir(btp)2acac
[C-]#[N+]c1c(C(C)C)cccc1C(C)C.[C-]#[N+]c1c(C(C)C)cccc1C(C)C.[Ir+4].[c-]1c(-c2ccccn2)sc2ccccc12.[c-]1c(-c2ccccn2)sc2ccccc12,Ir(btp)2-CNArdipp+
[C-]#[N+]c1c(C)cccc1C.[C-]#[N+]c1c(C)cccc1C.[Ir+4].[c-]1c(-c2ccccn2)sc2ccccc12.[c-]1c(-c2ccccn2)sc2ccccc12,Ir(btp)2-CNArdmp+
[C-]#[N+]c1ccc2ccccc2c1.[C-]#[N+]c1ccc2ccccc2c1.[Ir+4].[c-]1c(-c2ccccn2)sc2ccccc12.[c-]1c(-c2ccccn2)sc2ccccc12,Ir(btp)2-CNArnap+
CC(C)(C)C(=O)/C=C(\[O-])C(C)(C)C.[Ir+4].[c-]1c(-c2ccccn2)sc2ccccc12.[c-]1c(-c2ccccn2)sc2ccccc12,Ir(btp)2dpm
[Ir+4].[c-]1c(-c2ccccn2)sc2ccccc12.[c-]1c(-c2ccccn2)sc2ccccc12.[c-]1c(-c2ccccn2)sc2ccccc12,Ir(btpy)3
CCCCc1c[c-]c(-c2ccccn2)cc1.CCCCc1c[c-]c(-c2ccccn2)cc1.CCCCc1c[c-]c(-c2ccccn2)cc1.[Ir+4],Ir(buppy)3
Cc1ccnc(-c2cc(C)ccn2)c1.[Ir+4].[c-]1cccc2ccc3cccnc3c12.[c-]1cccc2ccc3cccnc3c12,"Ir(bzq)2(4,4'-dmbpy)+"
Cc1ccnc2c1ccc1cccnc12.[Ir+4].[c-]1cccc2ccc3cccnc3c12.[c-]1cccc2ccc3cccnc3c12,Ir(bzq)2(4-Mephen)+
Cc1ccc(-c2ccc(C)cn2)nc1.[Ir+4].[c-]1cccc2ccc3cccnc3c12.[c-]1cccc2ccc3cccnc3c12,"Ir(bzq)2(5,5'-dmbpy)+"
Cc1cc2cccnc2c2ncccc12.[Ir+4].[c-]1cccc2ccc3cccnc3c12.[c-]1cccc2ccc3cccnc3c12,Ir(bzq)2(5-Mephen)+
[Ir+4].[c-]1cccc2ccc3cccnc3c12.[c-]1cccc2ccc3cccnc3c12.c1ccc2nc(-c3ccc4ccccc4n3)ccc2c1,Ir(bzq)2(biq)+
[Ir+4].[c-]1cccc2ccc3cccnc3c12.[c-]1cccc2ccc3cccnc3c12.c1ccc(-c2ccccn2)nc1,Ir(bzq)2(bpy)+
C(=C\P(c1ccccc1)c1ccccc1)\P(c1ccccc1)c1ccccc1.[Ir+4].[c-]1cccc2ccc3cccnc3c12.[c-]1cccc2ccc3cccnc3c12,Ir(bzq)2(dppe)+
CC(C)(C)c1ccnc(-c2cc(C(C)(C)C)ccn2)c1.[Ir+4].[c-]1cccc2ccc3cccnc3c12.[c-]1cccc2ccc3cccnc3c12,Ir(bzq)2(dtbbpy)+
Cc1cnc2c(ccc3c(C)c(C)cnc32)c1C.[Ir+4].[c-]1cccc2ccc3cccnc3c12.[c-]1cccc2ccc3cccnc3c12,Ir(bzq)2(Me4phen)+
[Ir+4].[c-]1cccc2ccc3cccnc3c12.[c-]1cccc2ccc3cccnc3c12.c1cnc2c(c1)ccc1cccnc12,Ir(bzq)2(phen)+
[H]C(=O)c1ccnc(-c2cc(C)ccn2)c1.[Ir+4].[c-]1cccc2ccc3cccnc3c12.[c-]1cccc2ccc3cccnc3c12,Ir(bzq)2bpy-m-CHO+
Cc1ccc(-c2[c-]cc(Cl)cc2)nc1.Cc1ccc(-c2[c-]cc(Cl)cc2)nc1.Cc1ccnc(-c2cc(C)ccn2)c1.[Ir+4],Ir(Cl-mppy)2(4-4'dmbpy)+
Cc1ccc(-c2[c-]cc(Cl)cc2)nc1.Cc1ccc(-c2[c-]cc(Cl)cc2)nc1.Cc1ccnc2c1ccc1cccnc12.[Ir+4],Ir(Cl-mppy)2(4-Mephen)+
Cc1ccc(-c2[c-]cc(Cl)cc2)nc1.Cc1ccc(-c2[c-]cc(Cl)cc2)nc1.Cc1ccc(-c2ccc(C)cn2)nc1.[Ir+4],"Ir(Cl-mppy)2(5,5'dmbpy)+"
Cc1cc2cccnc2c2ncccc12.Cc1ccc(-c2[c-]cc(Cl)cc2)nc1.Cc1ccc(-c2[c-]cc(Cl)cc2)nc1.[Ir+4],Ir(Cl-mppy)2(5-Mephen)+
Cc1ccc(-c2[c-]cc(Cl)cc2)nc1.Cc1ccc(-c2[c-]cc(Cl)cc2)nc1.[Ir+4].c1ccc(-c2ccccn2)nc1,Ir(Cl-mppy)2(bpy)+
C(=C\P(c1ccccc1)c1ccccc1)\P(c1ccccc1)c1ccccc1.Cc1ccc(-c2[c-]cc(Cl)cc2)nc1.Cc1ccc(-c2[c-]cc(Cl)cc2)nc1.[Ir+4],Ir(Cl-Mppy)2(dppe)+
CC(C)(C)c1ccnc(-c2cc(C(C)(C)C)ccn2)c1.Cc1ccc(-c2[c-]cc(Cl)cc2)nc1.Cc1ccc(-c2[c-]cc(Cl)cc2)nc1.[Ir+4],Ir(Cl-mppy)2(dtbbpy)+
Cc1ccc(-c2[c-]cc(Cl)cc2)nc1.Cc1ccc(-c2[c-]cc(Cl)cc2)nc1.Cc1cnc2c(ccc3c(C)c(C)cnc32)c1C.[Ir+4],Ir(Cl-mppy)2(Me4phen)+
Cc1ccc(-c2[c-]cc(Cl)cc2)nc1.Cc1ccc(-c2[c-]cc(Cl)cc2)nc1.[Ir+4].c1cnc2c(c1)ccc1cccnc12,Ir(Cl-mppy)2(phen)+
C[n+]1[c-]n(-c2[c-]cc(C#N)cc2)cc1.C[n+]1[c-]n(-c2[c-]cc(C#N)cc2)cc1.C[n+]1[c-]n(-c2[c-]cc(C#N)cc2)cc1.[Ir+4],Ir(CN-pmic)3
CC(=O)/C=C(/C)[O-].CCN(CC)c1ccc2[c-]c(-c3nc4ccccc4s3)c(=O)oc2c1.CCN(CC)c1ccc2[c-]c(-c3nc4ccccc4s3)c(=O)oc2c1.[Ir+4],Ir(Coumarin6)2acac+
CCN(CC)c1ccc2[c-]c(-c3nc4ccccc4s3)c(=O)oc2c1.CCN(CC)c1ccc2[c-]c(-c3nc4ccccc4s3)c(=O)oc2c1.[Ir+4].c1ccc2nc(-c3ccc4ccccc4n3)ccc2c1,Ir(Coumarin6)2biq+
CCN(CC)c1ccc2[c-]c(-c3nc4ccccc4s3)c(=O)oc2c1.CCN(CC)c1ccc2[c-]c(-c3nc4ccccc4s3)c(=O)oc2c1.[Ir+4].c1ccc(-c2ccccn2)nc1,Ir(Coumarin6)2bpy+
CCN(CC)c1ccc2[c-]c(-c3nc4ccccc4s3)c(=O)oc2c1.CCN(CC)c1ccc2[c-]c(-c3nc4ccccc4s3)c(=O)oc2c1.[Ir+4].c1cnc2c(c1)ccc1cccnc12,Ir(Coumarin6)2phen+
Cc1ccc(-c2[c-]cc(Cl)cc2Cl)nc1.Cc1ccc(-c2[c-]cc(Cl)cc2Cl)nc1.Cc1ccc(-c2ccc(C)cn2)nc1.[Ir+4],"Ir(dClMeppy)2(5,5'dmbpy)+"
Cc1ccc(-c2[c-]cc(Cl)cc2Cl)nc1.Cc1ccc(-c2[c-]cc(Cl)cc2Cl)nc1.[Ir+4].c1ccc(-c2ccccn2)nc1,Ir(dClMeppy)2(bpy)+
CC(C)c1ccc(-c2ccc(C(C)C)cn2)nc1.Cc1ccc(-c2[c-]cc(Cl)cc2Cl)nc1.Cc1ccc(-c2[c-]cc(Cl)cc2Cl)nc1.[Ir+4],Ir(dClMeppy)2(diqbpy)+
Cc1ccc(-c2[c-]cc(Cl)cc2Cl)nc1.Cc1ccc(-c2[c-]cc(Cl)cc2Cl)nc1.[Ir+4].c1ccc(-c2ccnc3c2ccc2c(-c4ccccc4)ccnc23)cc1,Ir(dClMeppy)2(dphphen)+
C(=C\P(c1ccccc1)c1ccccc1)\P(c1ccccc1)c1ccccc1.Cc1ccc(-c2[c-]cc(Cl)cc2Cl)nc1.Cc1ccc(-c2[c-]cc(Cl)cc2Cl)nc1.[Ir+4],Ir(dClMeppy)2(dppe)+
CC(C)(C)c1ccnc(-c2cc(C(C)(C)C)ccn2)c1.Cc1ccc(-c2[c-]cc(Cl)cc2Cl)nc1.Cc1ccc(-c2[c-]cc(Cl)cc2Cl)nc1.[Ir+4],Ir(dClMeppy)2(dtbbpy)+
Cc1ccc(-c2[c-]cc(Cl)cc2Cl)nc1.Cc1ccc(-c2[c-]cc(Cl)cc2Cl)nc1.Cc1cnc2c(ccc3c(C)c(C)cnc32)c1C.[Ir+4],Ir(dClMeppy)2(Me4phen)+
Cc1ccc(-c2[c-]cc(Cl)cc2Cl)nc1.Cc1ccc(-c2[c-]cc(Cl)cc2Cl)nc1.[Ir+4].c1cnc2c(c1)ccc1cccnc12,Ir(dClMeppy)2(phen)+
FC(F)(F)c1ccc(-c2ccc(C(F)(F)F)cn2)nc1.Fc1c[c-]c(-c2ccc(C(F)(F)F)cn2)c(F)c1.Fc1c[c-]c(-c2ccc(C(F)(F)F)cn2)c(F)c1.[Ir+4],"Ir(dFCFppy)2(5,5-CFbpy)+"
Fc1c[c-]c(-c2ccc(C(F)(F)F)cn2)c(F)c1.Fc1c[c-]c(-c2ccc(C(F)(F)F)cn2)c(F)c1.[Ir+4].c1ccc(-c2ccccn2)nc1,Ir(dFCFppy)2(bpy)+
CC(C)(C)c1ccnc(-c2cc(C(C)(C)C)ccn2)c1.Fc1c[c-]c(-c2ccc(C(F)(F)F)cn2)c(F)c1.Fc1c[c-]c(-c2ccc(C(F)(F)F)cn2)c(F)c1.[Ir+4],Ir(dFCFppy)2(dtbbpy)+
Fc1c[c-]c(-c2ccc(C(F)(F)F)cn2)c(F)c1.Fc1c[c-]c(-c2ccc(C(F)(F)F)cn2)c(F)c1.[Ir+4].c1cnc2c(c1)ccc1cccnc12,Ir(dFCFppy)2(phen)+
Cc1ccc(-c2[c-]cc(F)cc2F)nc1.Cc1ccc(-c2[c-]cc(F)cc2F)nc1.Cc1ccc(-c2ccc(C)cn2)nc1.[Ir+4],"Ir(dFMeppy)2(5,5'-dmbpy)+"
Cc1ccc(-c2[c-]cc(F)cc2F)nc1.Cc1ccc(-c2[c-]cc(F)cc2F)nc1.[Ir+4].c1ccc(-c2ccccn2)nc1,Ir(dFMeppy)2(bpy)+
CC(C)c1ccc(-c2ccc(C(C)C)cn2)nc1.Cc1ccc(-c2[c-]cc(F)cc2F)nc1.Cc1ccc(-c2[c-]cc(F)cc2F)nc1.[Ir+4],Ir(dFMeppy)2(diqbpy)+
Cc1ccc(-c2[c-]cc(F)cc2F)nc1.Cc1ccc(-c2[c-]cc(F)cc2F)nc1.[Ir+4].c1ccc(-c2ccnc3c2ccc2c(-c4ccccc4)ccnc23)cc1,Ir(dFMeppy)2(dphphen)+
C(=C\P(c1ccccc1)c1ccccc1)\P(c1ccccc1)c1ccccc1.Cc1ccc(-c2[c-]cc(F)cc2F)nc1.Cc1ccc(-c2[c-]cc(F)cc2F)nc1.[Ir+4],Ir(dFMeppy)2(dppe)+
CC(C)(C)c1ccnc(-c2cc(C(C)(C)C)ccn2)c1.Cc1ccc(-c2[c-]cc(F)cc2F)nc1.Cc1ccc(-c2[c-]cc(F)cc2F)nc1.[Ir+4],Ir(dFMeppy)2(dtbbpy)+
Cc1ccc(-c2[c-]cc(F)cc2F)nc1.Cc1ccc(-c2[c-]cc(F)cc2F)nc1.Cc1cnc2c(ccc3c(C)c(C)cnc32)c1C.[Ir+4],Ir(dFMeppy)2(Me4phen)+
Cc1ccc(-c2[c-]cc(F)cc2F)nc1.Cc1ccc(-c2[c-]cc(F)cc2F)nc1.[Ir+4].c1cnc2c(c1)ccc1cccnc12,Ir(dFMeppy)2(phen)+
Fc1c[c-]c(-c2cn(Cc3ccccc3)nn2)c(F)c1.Fc1c[c-]c(-c2cn(Cc3ccccc3)nn2)c(F)c1.[Ir+4].c1ccc(Cn2cc(-c3ccccn3)nn2)cc1,Ir(dFphtl)2PytlBn+
Fc1c[c-]c(-c2cn(Cc3ccccc3)nn2)c(F)c1.Fc1c[c-]c(-c2cn(Cc3ccccc3)nn2)c(F)c1.[Ir+4].c1ccc(-n2cc(-c3ccccn3)nn2)cc1,Ir(dFphtl)2PytlPh+
Fc1c[c-]c(-c2ccccn2)c(F)c1.Fc1c[c-]c(-c2ccccn2)c(F)c1.[C-]#N.[C-]#N.[Ir+4],Ir(dfppy)2(CN)2-
C(\C1=N[C@@H](c2ccccc2)CO1)=C1\[N-][C@H](c2ccccc2)CO1.Fc1c[c-]c(-c2ccccn2)c(F)c1.Fc1c[c-]c(-c2ccccn2)c(F)c1.[Ir+4],Ir(dFppy)2(dPh-box)
Fc1c[c-]c(-c2ccccn2)c(F)c1.Fc1c[c-]c(-c2ccccn2)c(F)c1.[Ir+4].c1ccc(-n2cccn2)nc1,Ir(dfppy)2(pzpy)+
CC(=O)/C=C(/C)[O-].Fc1c[c-]c(-c2ccccn2)c(F)c1.Fc1c[c-]c(-c2ccccn2)c(F)c1.[Ir+4],Ir(dFppy)2acac
C(\C1=NCCO1)=C1\[N-]CCO1.Fc1c[c-]c(-c2ccccn2)c(F)c1.Fc1c[c-]c(-c2ccccn2)c(F)c1.[Ir+4],Ir(dFppy)2box
Fc1c[c-]c(-n2cccn2)c(F)c1.Fc1c[c-]c(-n2cccn2)c(F)c1.[Ir+4].c1ccc(-c2nc(-c3ccccn3)n(-c3ccccc3)n2)cc1,Ir(dfppz)2Phtz+
[Ir+4].[c-]1ccccc1-[n+]1[c-]n(-c2ccccc2)c2ccccc21.[c-]1ccccc1-n1[c-][n+](-c2ccccc2)c2ccccc21.[c-]1ccccc1-n1[c-][n+](-c2ccccc2)c2ccccc21,Ir(dpbic)3
[Ir+4].[c-]1ccccc1-[n+]1[c-]n(-c2ccccc2)c2cc3ccccc3cc21.[c-]1ccccc1-[n+]1[c-]n(-c2ccccc2)c2cc3ccccc3cc21.[c-]1ccccc1-[n+]1[c-]n(-c2ccccc2)c2cc3ccccc3cc21,Ir(dpnic)3
[Ir+4].[c-]1ccccc1-c1nnc(-c2ccccc2)o1.[c-]1ccccc1-c1nnc(-c2ccccc2)o1.c1ccc(-c2ccccn2)nc1,Ir(dpodz)2(bpy)+
[Ir+4].[c-]1ccccc1-c1ncc(-c2ccccc2)o1.[c-]1ccccc1-c1ncc(-c2ccccc2)o1.c1ccc(-c2ccccn2)nc1,Ir(dpoz)2(bpy)+
Cc1cc(C)c(-c2ccccn2)[c-]c1-c1ccccn1.[Cl-].[Ir+4].[c-]1ccccc1-c1ccccn1,Ir(dpyx)(ppy)Cl
CC(C)(C)c1c[c-]c(-c2cc(C(C)(C)C)ccn2)cc1.CC(C)(C)c1c[c-]c(-c2cc(C(C)(C)C)ccn2)cc1.Cc1ccnc2c1ccc1cccnc12.[Ir+4],Ir(dtbppy)2(4-Mephen)+
CC(C)(C)c1c[c-]c(-c2cc(C(C)(C)C)ccn2)cc1.CC(C)(C)c1c[c-]c(-c2cc(C(C)(C)C)ccn2)cc1.Cc1cc2cccnc2c2ncccc12.[Ir+4],Ir(dtbppy)2(5-Mephen)+
CC(C)(C)c1c[c-]c(-c2cc(C(C)(C)C)ccn2)cc1.CC(C)(C)c1c[c-]c(-c2cc(C(C)(C)C)ccn2)cc1.[Ir+4].c1ccc(-c2ccccn2)nc1,Ir(dtbppy)2(bpy)+
Fc1c[c-]c(-c2ccccn2)c(F)c1.Fc1c[c-]c(-c2ccccn2)c(F)c1.[C-]#[N+]c1c(C(C)C)cccc1C(C)C.[C-]#[N+]c1c(C(C)C)cccc1C(C)C.[Ir+4],Ir(F2ppy)2-CNArdipp+
Fc1c[c-]c(-c2ccccn2)c(F)c1.Fc1c[c-]c(-c2ccccn2)c(F)c1.[C-]#[N+]c1c(C)cccc1C.[C-]#[N+]c1c(C)cccc1C.[Ir+4],Ir(F2ppy)2-CNArdmp+
Fc1c[c-]c(-c2ccccn2)c(F)c1.Fc1c[c-]c(-c2ccccn2)c(F)c1.[C-]#[N+]c1ccc2ccccc2c1.[C-]#[N+]c1ccc2ccccc2c1.[Ir+4],Ir(F2ppy)2-CNArnap+
CC1(C)c2ccccc2-c2c[c-]c(-c3nccc4ccccc34)cc21.CC1(C)c2ccccc2-c2c[c-]c(-c3nccc4ccccc34)cc21.CC1(C)c2ccccc2-c2c[c-]c(-c3nccc4ccccc34)cc21.[Ir+4],Ir(fliq)3
CC1(C)c2ccccc2-c2c[c-]c(-c3ccccn3)cc21.CC1(C)c2ccccc2-c2c[c-]c(-c3ccccn3)cc21.CC1(C)c2ccccc2-c2c[c-]c(-c3ccccn3)cc21.[Ir+4],Ir(flpy)3
Cc1ccc(-c2[c-]cc(F)cc2)nc1.Cc1ccc(-c2[c-]cc(F)cc2)nc1.Cc1ccnc(-c2cc(C)ccn2)c1.[Ir+4],"Ir(F-mppy)2(4,4'-dmbpy)+"
Cc1ccc(-c2[c-]cc(F)cc2)nc1.Cc1ccc(-c2[c-]cc(F)cc2)nc1.Cc1ccnc2c1ccc1cccnc12.[Ir+4],Ir(F-mppy)2(4-Mephen)+
Cc1ccc(-c2[c-]cc(F)cc2)nc1.Cc1ccc(-c2[c-]cc(F)cc2)nc1.Cc1ccc(-c2ccc(C)cn2)nc1.[Ir+4],"Ir(F-mppy)2(5,5'-dmbpy)+"
Cc1cc2cccnc2c2ncccc12.Cc1ccc(-c2[c-]cc(F)cc2)nc1.Cc1ccc(-c2[c-]cc(F)cc2)nc1.[Ir+4],Ir(F-mppy)2(5-Mephen)+
Cc1ccc(-c2[c-]cc(F)cc2)nc1.Cc1ccc(-c2[c-]cc(F)cc2)nc1.[Ir+4].c1ccc(-c2ccccn2)nc1,Ir(F-mppy)2(bpy)+
CC(C)c1ccc(-c2ccc(C(C)C)cn2)nc1.Cc1ccc(-c2[c-]cc(F)cc2)nc1.Cc1ccc(-c2[c-]cc(F)cc2)nc1.[Ir+4],Ir(F-mppy)2(diqbpy)+
Cc1ccc(-c2[c-]cc(F)cc2)nc1.Cc1ccc(-c2[c-]cc(F)cc2)nc1.[Ir+4].c1ccc(-c2ccnc3c2ccc2c(-c4ccccc4)ccnc23)cc1,Ir(F-mppy)2(dphphen)+
C(=C\P(c1ccccc1)c1ccccc1)\P(c1ccccc1)c1ccccc1.Cc1ccc(-c2[c-]cc(F)cc2)nc1.Cc1ccc(-c2[c-]cc(F)cc2)nc1.[Ir+4],Ir(F-mppy)2(dppe)+
CC(C)(C)c1ccnc(-c2cc(C(C)(C)C)ccn2)c1.Cc1ccc(-c2[c-]cc(F)cc2)nc1.Cc1ccc(-c2[c-]cc(F)cc2)nc1.[Ir+4],Ir(F-mppy)2(dtbbpy)+
Cc1ccc(-c2[c-]cc(F)cc2)nc1.Cc1ccc(-c2[c-]cc(F)cc2)nc1.Cc1cnc2c(ccc3c(C)c(C)cnc32)c1C.[Ir+4],Ir(F-mppy)2(Me4phen)+
Cc1ccc(-c2[c-]cc(F)cc2)nc1.Cc1ccc(-c2[c-]cc(F)cc2)nc1.[Ir+4].c1cnc2c(c1)ccc1cccnc12,Ir(F-mppy)2(phen)+
Fc1c[c-]c(-c2cn(Cc3ccccc3)nn2)cc1.Fc1c[c-]c(-c2cn(Cc3ccccc3)nn2)cc1.[Ir+4].c1ccc(Cn2cc(-c3ccccn3)nn2)cc1,Ir(Fphtl)2PytlBn+
Fc1c[c-]c(-c2cn(Cc3ccccc3)nn2)cc1.Fc1c[c-]c(-c2cn(Cc3ccccc3)nn2)cc1.[Ir+4].c1ccc(-n2cc(-c3ccccn3)nn2)cc1,Ir(Fphtl)2PytlPh+
Cn1c(-c2[c-]c(-c3nc4ccccc4n3C)ccc2)nc2ccccc21.Fc1c[c-]c(-c2ccccn2)c(F)c1.[C-]#N.[Ir+4],Ir(Mebib)(dFppy)CN
CC=[N-].Cc1c[c-]c(-c2ccccn2)cc1.Cn1c(-c2[c-]c(-c3nc4ccccc4n3C)ccc2)nc2ccccc21.[Ir+4],Ir(Mebib)(mppy)CH3CN+
Cc1c[c-]c(-c2ccccn2)cc1.Cn1c(-c2[c-]c(-c3nc4ccccc4n3C)ccc2)nc2ccccc21.[Cl-].[Ir+4],Ir(Mebib)(mppy)Cl
CC=[N-].Cn1c(-c2[c-]c(-c3nc4ccccc4n3C)ccc2)nc2ccccc21.[Ir+4].[c-]1ccccc1-c1ccccn1,Ir(Mebib)(ppy)CH3CN+
Cn1c(-c2[c-]c(-c3nc4ccccc4n3C)ccc2)nc2ccccc21.[C-]#N.[Ir+4].[c-]1ccccc1-c1ccccn1,Ir(Mebib)(ppy)CN
Cn1c(-c2[c-]c(-c3nc4ccccc4n3C)ccc2)nc2ccccc21.[Br-].[Ir+4].[c-]1ccccc1-c1ccccn1,Ir(Mebib)ppyBr
Cn1c(-c2[c-]c(-c3nc4ccccc4n3C)ccc2)nc2ccccc21.[Cl-].[Ir+4].[c-]1ccccc1-c1ccccn1,Ir(Mebib)ppyCl
Cn1c(-c2[c-]c(-c3nc4ccccc4n3C)ccc2)nc2ccccc21.[I-].[Ir+4].[c-]1ccccc1-c1ccccn1,Ir(Mebib)ppyI
Cn1c(-c2cccc(-c3nc4ccccc4n3C)n2)nc2ccccc21.[Cl-].[Ir+4].[c-]1ccccc1-c1ccccn1,Ir(Mebip)ppyCl+
Cc1ccc(-c2[c-]cccc2)nc1.Cc1ccc(-c2[c-]cccc2)nc1.Cc1ccnc(-c2cc(C)ccn2)c1.[Ir+4],"Ir(mppy)2(4,4'dmbpy)+"
Cc1ccc(-c2[c-]cccc2)nc1.Cc1ccc(-c2[c-]cccc2)nc1.Cc1ccnc2c1ccc1cccnc12.[Ir+4],Ir(mppy)2(4-Mephen)+
Cc1ccc(-c2[c-]cccc2)nc1.Cc1ccc(-c2[c-]cccc2)nc1.Cc1ccc(-c2ccc(C)cn2)nc1.[Ir+4],"Ir(mppy)2(5,5'dmbpy)+"
Cc1cc2cccnc2c2ncccc12.Cc1ccc(-c2[c-]cccc2)nc1.Cc1ccc(-c2[c-]cccc2)nc1.[Ir+4],Ir(mppy)2(5-Mephen)+
Cc1ccc(-c2[c-]cccc2)nc1.Cc1ccc(-c2[c-]cccc2)nc1.[Ir+4].c1ccc(-c2ccccn2)nc1,Ir(Mppy)2(bpy)+
C(=C\P(c1ccccc1)c1ccccc1)\P(c1ccccc1)c1ccccc1.Cc1ccc(-c2[c-]cccc2)nc1.Cc1ccc(-c2[c-]cccc2)nc1.[Ir+4],Ir(Mppy)2(dppe)+
C.CC(C)(C)c1ccnc(-c2cc(C(C)(C)C)ccn2)c1.Cc1ccc(-c2[c-]cccc2)nc1.Cc1ccc(-c2[c-]cccc2)nc1.[Ir+4],Ir(Mppy)2(dtbbpy)+
Cc1ccc(-c2[c-]cccc2)nc1.Cc1ccc(-c2[c-]cccc2)nc1.Cc1cnc2c(ccc3c(C)c(C)cnc32)c1C.[Ir+4],Ir(mppy)2(Me4phen)+
Cc1ccc(-c2[c-]cccc2)nc1.Cc1ccc(-c2[c-]cccc2)nc1.[Ir+4].c1cnc2c(c1)ccc1cccnc12,Ir(mppy)2(phen)+
Cc1c[c-]c(-c2ccccn2)cc1.Cc1c[c-]c(-c2ccccn2)cc1.[H]C(=O)c1ccnc(-c2cc(C)ccn2)c1.[Ir+4],Ir(mppy)2bpy-m-CHO+
Cc1ccn(-c2[c-]cccc2)n1.Cc1ccn(-c2[c-]cccc2)n1.[H]C(=O)c1ccnc(-c2cc(C)ccn2)c1.[Ir+4],Ir(mppz)2bpy-m-CHO+
Cc1c[c-]c(-c2ccc(-c3ccc(C)s3)cn2)s1.Cc1c[c-]c(-c2ccc(-c3ccc(C)s3)cn2)s1.Cc1c[c-]c(-c2ccc(-c3ccc(C)s3)cn2)s1.[Ir+4],Ir(mt-5mt-py)3
CC(C)(C)/C([O-])=C/C(=O)Cn1c2ccccc2c2ccccc21.[Ir+4].[c-]1ccc2ccccc2c1-c1ccccn1.[c-]1ccc2ccccc2c1-c1ccccn1,Ir(npy)2Cz(acac-tBu)
CC(C)(C)C(=O)/C=C(\[O-])C(C)(C)C.[Ir+4].[c-]1ccc2ccccc2c1-c1ccccn1.[c-]1ccc2ccccc2c1C1=NCCC=C1,Ir(npy)2dpm
COc1c[c-]c(-c2ccc(C)cn2)cc1.COc1c[c-]c(-c2ccc(C)cn2)cc1.Cc1ccnc(-c2cc(C)ccn2)c1.[Ir+4],"Ir(OMe-mppy)2(4,4'dmbpy)+"
COc1c[c-]c(-c2ccc(C)cn2)cc1.COc1c[c-]c(-c2ccc(C)cn2)cc1.Cc1ccnc2c1ccc1cccnc12.[Ir+4],Ir(OMe-mppy)2(4-Mephen)+
COc1c[c-]c(-c2ccc(C)cn2)cc1.COc1c[c-]c(-c2ccc(C)cn2)cc1.Cc1ccc(-c2ccc(C)cn2)nc1.[Ir+4],"Ir(OMe-mppy)2(5,5'dmbpy)+"
COc1c[c-]c(-c2ccc(C)cn2)cc1.COc1c[c-]c(-c2ccc(C)cn2)cc1.Cc1cc2cccnc2c2ncccc12.[Ir+4],Ir(OMe-mppy)2(5-Mephen)+
COc1c[c-]c(-c2ccc(C)cn2)cc1.COc1c[c-]c(-c2ccc(C)cn2)cc1.[Ir+4].c1ccc(-c2ccccn2)nc1,Ir(OMe-Mppy)2(bpy)+
C(=C\P(c1ccccc1)c1ccccc1)\P(c1ccccc1)c1ccccc1.COc1c[c-]c(-c2ccc(C)cn2)cc1.COc1c[c-]c(-c2ccc(C)cn2)cc1.[Ir+4],Ir(OMe-Mppy)2(dppe)+
CC(C)(C)c1ccnc(-c2cc(C(C)(C)C)ccn2)c1.COc1c[c-]c(-c2ccc(C)cn2)cc1.COc1c[c-]c(-c2ccc(C)cn2)cc1.[Ir+4],Ir(OMe-Mppy)2(dtbbpy)+
COc1c[c-]c(-c2ccc(C)cn2)cc1.COc1c[c-]c(-c2ccc(C)cn2)cc1.Cc1cnc2c(ccc3c(C)c(C)cnc32)c1C.[Ir+4],Ir(OMe-Mppy)2(Me4phen)+
COc1c[c-]c(-c2ccc(C)cn2)cc1.COc1c[c-]c(-c2ccc(C)cn2)cc1.[Ir+4].c1cnc2c(c1)ccc1cccnc12,Ir(OMe-Mppy)2(phen)+
[H]OC(=O)c1ccnc(-c2cc(C(=O)O[H])ccn2)c1.[Ir+4].[c-]1ccccc1-c1nc2ccccc2n1-c1ccccc1.[c-]1ccccc1-c1nc2ccccc2n1-c1ccccc1,Ir(pbi)2(H2dcbpy)+
[Ir+4].[c-]1ccccc1-c1nc2ccccc2o1.[c-]1ccccc1-c1nc2ccccc2o1.c1ccc(-c2ccccn2)nc1,Ir(pboz)2(bpy)+
[Ir+4].[c-]1ccccc1-c1nc2ccccc2s1.[c-]1ccccc1-c1nc2ccccc2s1.c1ccc(-c2ccccn2)nc1,Ir(pbtz)2(bpy)+
[Cl-].[Ir+4].[c-]1c(-c2nc3ccccc3n2-c2ccccc2)cccc1-c1nc2ccccc2n1-c1ccccc1.[c-]1ccccc1-c1ccccn1,Ir(Phbib)(ppy)Cl
[C-]#N.[Ir+4].[c-]1c(-c2nc3ccccc3n2-c2ccccc2)cccc1-c1nc2ccccc2n1-c1ccccc1.[c-]1ccccc1-c1ccccn1,Ir(Phbib)(ppy)CN
CC=[N-].[Ir+4].[c-]1c(-c2nc3ccccc3n2-c2ccccc2)cccc1-c1nc2ccccc2n1-c1ccccc1.[c-]1ccccc1-c1ccccn1,Ir(Phbib)ppyCH3CN+
Cc1ccc(-c2[c-]cc(-c3ccccc3)cc2)nc1.Cc1ccc(-c2[c-]cc(-c3ccccc3)cc2)nc1.Cc1ccnc(-c2cc(C)ccn2)c1.[Ir+4],"Ir(Ph-mppy)2(4,4'dmbpy)+"
Cc1ccc(-c2[c-]cc(-c3ccccc3)cc2)nc1.Cc1ccc(-c2[c-]cc(-c3ccccc3)cc2)nc1.Cc1ccnc2c1ccc1cccnc12.[Ir+4],Ir(Ph-mppy)2(4-Mephen)+
Cc1ccc(-c2[c-]cc(-c3ccccc3)cc2)nc1.Cc1ccc(-c2[c-]cc(-c3ccccc3)cc2)nc1.Cc1ccc(-c2ccc(C)cn2)nc1.[Ir+4],"Ir(Ph-mppy)2(5,5'dmbpy)+"
Cc1cc2cccnc2c2ncccc12.Cc1ccc(-c2[c-]cc(-c3ccccc3)cc2)nc1.Cc1ccc(-c2[c-]cc(-c3ccccc3)cc2)nc1.[Ir+4],Ir(Ph-mppy)2(5-Mephen)+
Cc1ccc(-c2[c-]cc(-c3ccccc3)cc2)nc1.Cc1ccc(-c2[c-]cc(-c3ccccc3)cc2)nc1.[Ir+4].c1ccc(-c2ccccn2)nc1,Ir(Ph-mppy)2(bpy)+
C(=C\P(c1ccccc1)c1ccccc1)\P(c1ccccc1)c1ccccc1.Cc1ccc(-c2[c-]cc(-c3ccccc3)cc2)nc1.Cc1ccc(-c2[c-]cc(-c3ccccc3)cc2)nc1.[Ir+4],Ir(Ph-mppy)2(dppe)+
CC(C)(C)c1ccnc(-c2cc(C(C)(C)C)ccn2)c1.Cc1ccc(-c2[c-]cc(-c3ccccc3)cc2)nc1.Cc1ccc(-c2[c-]cc(-c3ccccc3)cc2)nc1.[Ir+4],Ir(Ph-mppy)2(dtbbpy)+
Cc1ccc(-c2[c-]cc(-c3ccccc3)cc2)nc1.Cc1ccc(-c2[c-]cc(-c3ccccc3)cc2)nc1.Cc1cnc2c(ccc3c(C)c(C)cnc32)c1C.[Ir+4],Ir(Ph-mppy)2(Me4phen)+
Cc1ccc(-c2[c-]cc(-c3ccccc3)cc2)nc1.Cc1ccc(-c2[c-]cc(-c3ccccc3)cc2)nc1.[Ir+4].c1cnc2c(c1)ccc1cccnc12,Ir(Ph-mppy)2(phen)+
[Ir+4].[c-]1ccccc1-c1ncco1.[c-]1ccccc1-c1ncco1.c1ccc(-c2ccccn2)nc1,Ir(phoz)2(bpy)+
CC(C)(C)/C([O-])=C/C(=O)Cn1c2ccccc2c2ccccc21.[Ir+4].[c-]1ccccc1-c1nccc2ccccc12.[c-]1ccccc1-c1nccc2ccccc12,Ir(piq)2Cz(acac-tBu)
CC(C)(C)C(=O)/C=C(\[O-])C(C)(C)C.[Ir+4].[c-]1ccccc1-c1nccc2ccccc12.[c-]1ccccc1-c1nccc2ccccc12,Ir(piq)2dpm
[Ir+4].[c-]1ccccc1-c1nccc2ccccc12.[c-]1ccccc1-c1nccc2ccccc12.[c-]1ccccc1-c1nccc2ccccc12,Ir(piq)3
C[n+]1[c-]n(-c2[c-]cccc2)c2ccccc21.C[n+]1[c-]n(-c2[c-]cccc2)c2ccccc21.Cn1[c-][n+](-c2[c-]cccc2)c2ccccc21.[Ir+4],Ir(pmbic)3
C[n+]1[c-]n(-c2[c-]cccc2)cc1.C[n+]1[c-]n(-c2[c-]cccc2)cc1.Cn1[c-][n+](-c2[c-]cccc2)cc1.[Ir+4],Ir(pmic)3
[Ir+4].[c-]1ccccc1-c1ccccn1.c1ccc(-c2ccccn2)nc1.c1ccc(-c2ccccn2)nc1,Ir(ppy)(bpy)22+
Cc1ccnc(-c2cc(C)ccn2)c1.[Ir+4].[c-]1ccccc1-c1ccccn1.[c-]1ccccc1-c1ccccn1,"Ir(ppy)2(4,4'-dmbpy)+"
Cc1ccnc2c1ccc1cccnc12.[Ir+4].[c-]1ccccc1-c1ccccn1.[c-]1ccccc1-c1ccccn1,Ir(ppy)2(4-Mephen)+
Cc1ccc(-c2ccc(C)cn2)nc1.[Ir+4].[c-]1ccccc1-c1ccccn1.[c-]1ccccc1-c1ccccn1,"Ir(ppy)2(5,5'-dmbpy)+"
Cc1cc2cccnc2c2ncccc12.[Ir+4].[c-]1ccccc1-c1ccccn1.[c-]1ccccc1-c1ccccn1,Ir(ppy)2(5-Mephen)+
[Ir+4].[c-]1ccccc1-c1ccccn1.[c-]1ccccc1-c1ccccn1.c1ccc(-c2cccc(-c3cccc(-c4ccccc4)n3)n2)cc1,Ir(ppy)2(6-6'Phbpy)+
Clc1cccc(-c2ccccn2)n1.[Ir+4].[c-]1ccccc1-c1ccccn1.[c-]1ccccc1-c1ccccn1,Ir(ppy)2(6Clbpy)+
N#Cc1cccc(-c2ccccn2)n1.[Ir+4].[c-]1ccccc1-c1ccccn1.[c-]1ccccc1-c1ccccn1,Ir(ppy)2(6CNbpy)+
CC(C)c1cccc(-c2ccccn2)n1.[Ir+4].[c-]1ccccc1-c1ccccn1.[c-]1ccccc1-c1ccccn1,Ir(ppy)2(6iPrbpy)+
COc1cccc(-c2ccccn2)n1.[Ir+4].[c-]1ccccc1-c1ccccn1.[c-]1ccccc1-c1ccccn1,Ir(ppy)2(6OMebpy)+
[Ir+4].[c-]1ccccc1-c1ccccn1.[c-]1ccccc1-c1ccccn1.c1ccc(-c2cccc(-c3ccccn3)n2)cc1,Ir(ppy)2(6Phbpy)+
CCC(C)c1cccc(-c2ccccn2)n1.[Ir+4].[c-]1ccccc1-c1ccccn1.[c-]1ccccc1-c1ccccn1,Ir(ppy)2(6-sBu-bpy)+
[Ir+4].[c-]1ccccc1-c1ccccn1.[c-]1ccccc1-c1ccccn1.c1ccc(-c2ccccn2)nc1,Ir(ppy)2(bpy)+
CC(C)c1ccc(-c2ccc(C(C)C)cn2)nc1.[Ir+4].[c-]1ccccc1-c1ccccn1.[c-]1ccccc1-c1ccccn1,Ir(ppy)2(diqbpy)+
[Ir+4].[c-]1ccccc1-c1ccccn1.[c-]1ccccc1-c1ccccn1.c1ccc(-c2ccnc3c2ccc2c(-c4ccccc4)ccnc23)cc1,Ir(ppy)2(dphphen)+
C(=C\P(c1ccccc1)c1ccccc1)\P(c1ccccc1)c1ccccc1.[Ir+4].[c-]1ccccc1-c1ccccn1.[c-]1ccccc1-c1ccccn1,Ir(ppy)2(dppe)+
CC(C)(C)c1ccnc(-c2cc(C(C)(C)C)ccn2)c1.[Ir+4].[c-]1ccccc1-c1ccccn1.[c-]1ccccc1-c1ccccn1,Ir(ppy)2(dtbbpy)+
[Ir+4].[c-]1ccccc1-c1ccccn1.[c-]1ccccc1-c1ccccn1.c1ccc(C2=NCCN2)nc1,Ir(ppy)2(impy)+
Cc1cnc2c(ccc3c(C)c(C)cnc32)c1C.[Ir+4].[c-]1ccccc1-c1ccccn1.[c-]1ccccc1-c1ccccn1,Ir(ppy)2(Me4phen)+
[Ir+4].[c-]1ccccc1-c1ccccn1.[c-]1ccccc1-c1ccccn1.c1cnc2c(c1)ccc1cccnc12,Ir(ppy)2(phen)+
C(=N/c1ccccc1)\c1ccccn1.[Ir+4].[c-]1ccccc1-c1ccccn1.[c-]1ccccc1-c1ccccn1,Ir(ppy)2(pNpy)+
[Ir+4].[c-]1ccccc1-c1ccccn1.[c-]1ccccc1-c1ccccn1.c1ccc(-n2cccn2)nc1,Ir(ppy)2(pzpy)+
[Ir+4].[c-]1ccccc1-c1ccccn1.[c-]1ccccc1-c1ccccn1.c1ccc(-c2nccs2)nc1,Ir(ppy)2(thpy)+
[Ir+4].[c-]1ccccc1-c1ccccn1.[c-]1ccccc1-c1ccccn1.c1ccc(-c2ncncn2)nc1,Ir(ppy)2(trpy)+
CC(=O)/C=C(/C)[O-].[Ir+4].[c-]1ccccc1-c1ccccn1.[c-]1ccccc1-c1ccccn1,Ir(ppy)2acac
O=C1c2ccccc2C(=O)c2c1ccc([O-])c2[O-].[Ir+4].[c-]1ccccc1-c1ccccn1.[c-]1ccccc1-c1ccccn1,Ir(ppy)2ALZ-
[Ir+4].[c-]1ccccc1-c1ccccn1.[c-]1ccccc1-c1ccccn1.c1ccc(-c2ccc(-c3ccccn3)nc2)nc1,Ir(ppy)2BPP+
[H]C(=O)c1ccnc(-c2cc(C)ccn2)c1.[Ir+4].[c-]1ccccc1-c1ccccn1.[c-]1ccccc1-c1ccccn1,Ir(ppy)2bpy-m-CHO+
[Ir+4].[O-]c1ccccc1[O-].[c-]1ccccc1-c1ccccn1.[c-]1ccccc1-c1ccccn1,Ir(ppy)2CAT-
[C-]#[N+]c1c(C(C)C)cccc1C(C)C.[C-]#[N+]c1c(C(C)C)cccc1C(C)C.[Ir+4].[c-]1ccccc1-c1ccccn1.[c-]1ccccc1-c1ccccn1,Ir(ppy)2-CNArdipp+
[C-]#[N+]c1c(C)cccc1C.[C-]#[N+]c1c(C)cccc1C.[Ir+4].[c-]1ccccc1-c1ccccn1.[c-]1ccccc1-c1ccccn1,Ir(ppy)2-CNArdmp+
CC(C)(C)/C([O-])=C/C(=O)Cn1c2ccccc2c2ccccc21.[Ir+4].[c-]1ccccc1-c1ccccn1.[c-]1ccccc1-c1ccccn1,Ir(ppy)2Cz(acac-tBu)
CC(C)/N=C(/[N-]C(C)C)c1ccccc1.[Ir+4].[c-]1ccccc1-c1ccccn1.[c-]1ccccc1-c1ccccn1,Ir(ppy)2-dipba
[Ir+4].[c-]1ccccc1-c1ccccn1.[c-]1ccccc1-c1ccccn1.c1ccc(-c2ccnc(-c3cc(-c4ccccc4)ccn3)c2)cc1,Ir(ppy)2dpbpy+
CC(C)(C)C(=O)/C=C(\[O-])C(C)(C)C.[Ir+4].[c-]1ccccc1-c1ccccn1.[c-]1ccccc1-c1ccccn1,Ir(ppy)2dpm
[H]OC(Cc1ccnc(-c2cc(C)ccn2)c1)Cc1ccnc(-c2cc(C)ccn2)c1.[Ir+4].[c-]1ccccc1-c1ccccn1.[c-]1ccccc1-c1ccccn1,Ir(ppy)2-L2+
Cc1ccc(-c2ccc(CCc3ccc(-c4ccc(C)cn4)nc3)cn2)nc1.[Ir+4].[c-]1ccccc1-c1ccccn1.[c-]1ccccc1-c1ccccn1,Ir(ppy)2-L3+
C(#Cc1ccc(-c2ccccn2)nc1)c1ccc(-c2ccccn2)nc1.[Ir+4].[c-]1ccccc1-c1ccccn1.[c-]1ccccc1-c1ccccn1,Ir(ppy)2-L4+
[Ir+4].[c-]1ccccc1-c1ccccn1.[c-]1ccccc1-c1ccccn1.c1ccc(-c2nc(-c3ccccn3)n(-c3ccccc3)n2)cc1,Ir(ppy)2Pbtz+
O=C([O-])c1cc[nH]n1.[Ir+4].[c-]1ccccc1-c1ccccn1.[c-]1ccccc1-c1ccccn1,Ir(ppy)2-prca
[Ir+4].[O-]c1c([O-])c(Br)c(Br)c(Br)c1Br.[c-]1ccccc1-c1ccccn1.[c-]1ccccc1-c1ccccn1,Ir(ppy)2TBC-
[Ir+4].[O-]c1c([O-])c(Cl)c(Cl)c(Cl)c1Cl.[c-]1ccccc1-c1ccccn1.[c-]1ccccc1-c1ccccn1,Ir(ppy)2TCC-
[Ir+4].[c-]1ccccc1-c1ccccn1.[c-]1ccccc1-c1ccccn1.[c-]1ccccc1-c1ccccn1,Ir(ppy)3
[H]C(=O)c1ccnc(-c2cc(C)ccn2)c1.[Ir+4].[c-]1ccccc1-n1cccn1.[c-]1ccccc1-n1cccn1,Ir(ppz)2bpy-m-CHO+
[C-]#N.[C-]#N.[Ir+4].[c-]1ccccc1-c1ccc2ccccc2n1.[c-]1ccccc1-c1ccc2ccccc2n1,Ir(pq)2(CN)2-
[H]OC(=O)c1ccnc(-c2cc(C(=O)O[H])ccn2)c1.[Ir+4].[c-]1ccccc1-c1ccc2ccccc2n1.[c-]1ccccc1-c1ccc2ccccc2n1,Ir(pq)2(H2dcbpy)+
CC(=O)/C=C(/C)[O-].[Ir+4].[c-]1ccccc1-c1ccc2ccccc2n1.[c-]1ccccc1-c1ccc2ccccc2n1,Ir(pq)2acac
[H]C(=O)c1ccnc(-c2cc(C)ccn2)c1.[Ir+4].[c-]1ccccc1-c1ccc2ccccc2n1.[c-]1ccccc1-c1ccc2ccccc2n1,Ir(pq)2bpy-m-CHO+
CC(C)(C)C(=O)/C=C(\[O-])C(C)(C)C.[Ir+4].[c-]1ccccc1-c1ccc2ccccc2n1.[c-]1ccccc1-c1ccc2ccccc2n1,Ir(pq)2dpm
FC(F)(F)c1ccc(-c2[c-]ccs2)nc1.FC(F)(F)c1ccc(-c2[c-]ccs2)nc1.FC(F)(F)c1ccc(-c2[c-]ccs2)nc1.[Ir+4],Ir(t-5CF3-py3)3
[Ir+4].[c-]1ccsc1-c1ccc(-c2cccs2)cn1.[c-]1ccsc1-c1ccc(-c2cccs2)cn1.[c-]1ccsc1-c1ccc(-c2cccs2)cn1,Ir(t-5t-py)3
CCN(CC)c1c(C)cc(/C(=N\C(C)C)[N-]C(C)C)cc1C.FC(F)(F)c1c[c-]c(-c2ccccn2)cc1.FC(F)(F)c1c[c-]c(-c2ccccn2)cc1.[Ir+4],"Ir(tfmppy)2(NNdiPr-4-dea-3,5m-ba)"
CC(C)/N=C(/[N-]C(C)C)c1ccccc1.FC(F)(F)c1c[c-]c(-c2ccccn2)cc1.FC(F)(F)c1c[c-]c(-c2ccccn2)cc1.[Ir+4],Ir(tfmppy)2(NNdiPr-ba)
FC(F)(F)c1cc[c-]c(-c2nc3ccccc3s2)c1.[Ir+4].[c-]1ccsc1-c1ccccn1.[c-]1ccsc1-c1ccccn1,Ir(thpy)2(4CF3pbtz)+
FC(F)(F)c1c[c-]c(-c2nc3ccccc3s2)cc1.[Ir+4].[c-]1ccsc1-c1ccccn1.[c-]1ccsc1-c1ccccn1,Ir(thpy)2(5CF3pbtz)+
CN(C)c1c[c-]c(-c2nc3ccccc3s2)cc1.[Ir+4].[c-]1ccsc1-c1ccccn1.[c-]1ccsc1-c1ccccn1,Ir(thpy)2(5NMe2-pbtz)+
CC(C)(C)c1ccnc(-c2cc(C(C)(C)C)ccn2)c1.[Ir+4].[c-]1ccsc1-c1ccccn1.[c-]1ccsc1-c1ccccn1,Ir(thpy)2dtbbpy+
[Ir+4].[c-]1ccccc1-c1nc2ccccc2s1.[c-]1ccsc1-c1ccccn1.[c-]1ccsc1-c1ccccn1,Ir(thpy)2pbtz+
[Ir+4].[c-]1ccsc1-c1ccccn1.[c-]1ccsc1-c1ccccn1.[c-]1ccsc1-c1ccccn1,Ir(thpy)3
[Ir+4].[c-]1ccsc1-c1nccc2ccccc12.[c-]1ccsc1-c1nccc2ccccc12.[c-]1ccsc1-c1nccc2ccccc12,Ir(tiq)3
Cc1c[c-]c(-c2ccccn2)cc1.Cc1c[c-]c(-c2ccccn2)cc1.[C-]#N.[C-]#N.[Ir+4],Ir(tpy)2(CN)2-
Cc1c[c-]c(-c2ccccn2)cc1.Cc1c[c-]c(-c2ccccn2)cc1.[C-]#[N+]C(C)(C)C.[C-]#[N+]C(C)(C)C.[Ir+4],Ir(tpy)2(CN-tBu)2+
CC(C)(C)c1cc(-c2cc(-c3ccccn3)nc(-c3ccccn3)c2)cc(C(C)(C)C)c1.Cc1cc(C)c(-c2ccccn2)[c-]c1-c1ccccn1.[Ir+4],Ir-(tpy)-ph(tBu)2+2
CC(=O)/C=C(/C)[O-].Fc1ccc[c-]c1-c1cc(-c2ccccc2)c2cc(Cl)ccc2n1.Fc1ccc[c-]c1-c1cc(-c2ccccc2)c2cc(Cl)ccc2n1.[Ir+4],Ir[6-Cl-2-(2-F)-4-dpq]2(acac)
CC(=O)/C=C(/C)[O-].FC(F)(F)c1c[c-]c(-c2cc(-c3ccccc3)c3cc(Cl)ccc3n2)cc1.FC(F)(F)c1c[c-]c(-c2cc(-c3ccccc3)c3cc(Cl)ccc3n2)cc1.[Ir+4],Ir[6-Cl-2-(4-CF3)-4-dpq]2(acac)
CC(=O)/C=C(/C)[O-].Fc1c[c-]c(-c2cc(-c3ccccc3)c3cc(Cl)ccc3n2)cc1.Fc1c[c-]c(-c2cc(-c3ccccc3)c3cc(Cl)ccc3n2)cc1.[Ir+4],Ir[6-Cl-2-(4-F)-4-dpq]2(acac)
CCCc1nc(-c2[c-]cc(F)cc2F)n(C)n1.CCCc1nc(-c2[c-]cc(F)cc2F)n(C)n1.CCCc1nc(-c2ccc(F)cc2F)n(C)n1.[Ir+4],Ir-1m-prdfphtl3
CCCc1nc(-c2[c-]cc(F)cc2)n(C)n1.CCCc1nc(-c2[c-]cc(F)cc2)n(C)n1.CCCc1nc(-c2ccc(F)cc2)n(C)n1.[Ir+4],Ir-1m-prFphtl3
CC(=O)/C=C(/C)[O-].[Ir+4].[c-]1ccc2ccccc2c1-c1cn2ccccc2n1.[c-]1ccc2ccccc2c1-c1cn2ccccc2n1,Ir-2-1-nipd-acac
CC(=O)/C=C(/C)[O-].[Ir+4].[c-]1cc2ccccc2cc1-c1cn2ccccc2n1.[c-]1cc2ccccc2cc1-c1cn2ccccc2n1,Ir-2-2-nipd-acac
CC(=O)/C=C(/C)[O-].FC(F)(F)c1[c-]c(-c2cn3ccccc3n2)cc(C(F)(F)F)c1.FC(F)(F)c1[c-]c(-c2cn3ccccc3n2)cc(C(F)(F)F)c1.[Ir+4],Ir-2-35dCF3pipd-acac
CC(=O)/C=C(/C)[O-].[Ir+4].[c-]1ccccc1-c1cn2ccccc2n1.[c-]1ccccc1-c1cn2ccccc2n1,Ir-2-nipd-acac
CC(=O)/C=C(/C)[O-].O=c1oc2ccccc2[c-]c1-c1nc2ccccc2s1.O=c1oc2ccccc2[c-]c1-c1nc2ccccc2s1.[Ir+4],Ir3bz2yl2acac
CC(=O)/C=C(/C)[O-].FC(F)(F)c1c(-c2[c-]cccc2)nc2ccccn12.FC(F)(F)c1c(-c2[c-]cccc2)nc2ccccn12.[Ir+4],Ir-3CF3-2-pipd-acac
F[S](F)(F)(F)(F)c1c[c-]c(-c2ccccn2)cc1.F[S](F)(F)(F)(F)c1c[c-]c(-c2ccccn2)cc1.F[S](F)(F)(F)(F)c1c[c-]c(-c2ccccn2)cc1.[Ir+4],Ir3SF5ppy3
CC(C)(C)C(=O)/C=C(\[O-])C(C)(C)C.F[S](F)(F)(F)(F)c1c[c-]c(-c2ccccn2)cc1.F[S](F)(F)(F)(F)c1c[c-]c(-c2ccccn2)cc1.[Ir+4],Ir3SF6ppy-dpm
FC(F)(F)c1c[c-]c(-c2nc3ccccc3s2)cc1.FC(F)(F)c1c[c-]c(-c2nc3ccccc3s2)cc1.[H]OC(=O)c1ccnc(-c2cc(C(=O)O)ccn2)c1.[Ir+4],Ir4CFbt-Hbpdc
CC(=O)/C=C(/C)[O-].FC(F)(F)c1c[c-]c(-c2ccc(-c3ccc(C(F)(F)F)cc3)cn2)cc1.FC(F)(F)c1c[c-]c(-c2ccc(-c3ccc(C(F)(F)F)cc3)cn2)cc1.[Ir+4],Ir-4-CFPhCFppy2-acac
Cc1c(-c2ccccc2)c(-c2[c-]cccc2)nc2ccccc12.Cc1c(-c2ccccc2)c(-c2[c-]cccc2)nc2ccccc12.Cc1nn(-c2ccccc2)c([O-])c1C(=O)c1ccccc1.[Ir+4],Ir4-Me-23-dpq-przl-C6H5
F[S](F)(F)(F)(F)c1cc[c-]c(-c2ccccn2)c1.F[S](F)(F)(F)(F)c1cc[c-]c(-c2ccccn2)c1.F[S](F)(F)(F)(F)c1cc[c-]c(-c2ccccn2)c1.[Ir+4],Ir4SF5ppy3
CC(C)(C)C(=O)/C=C(\[O-])C(C)(C)C.FS(F)(F)(F)(F)c1ccc[c-]c1-c1ccccn1.FS(F)(F)(F)(F)c1ccc[c-]c1-c1ccccn1.[Ir+4],Ir4SF6ppy-dpm
C.Cc1c[c-]c(-c2ccccn2)cc1.Cc1c[c-]c(-c2ccccn2)cc1.[Ir+4].c1c[nH]c(-c2ncc[nH]2)n1,IrbiimH2+
Cc1cc(C)c(B(c2c[c-]c(-c3ccccn3)cc2)c2c(C)cc(C)cc2C)c(C)c1.Cc1cc(C)c(B(c2c[c-]c(-c3ccccn3)cc2)c2c(C)cc(C)cc2C)c(C)c1.[Ir+4].c1ccc2nc3c4cccnc4c4ncccc4c3nc2c1,Ir-BMes2ppy2-dppz+
Cc1cc(C)c(B(c2c[c-]c(-c3ccccn3)cc2)c2c(C)cc(C)cc2C)c(C)c1.Cc1cc(C)c(B(c2c[c-]c(-c3ccccn3)cc2)c2c(C)cc(C)cc2C)c(C)c1.[Ir+4].c1cnc2c(c1)c1nccnc1c1cccnc12,Ir-BMes2ppy2-dpq+
[Ir+4].[O-]c1ccccc1-c1nc2ccccc2o1.[c-]1ccccc1-c1nc2ccccc2o1.[c-]1ccccc1-c1nc2ccccc2o1,Irbobop
[Ir+4].[O-]c1ccccc1-c1nc2ccccc2s1.[c-]1ccccc1-c1nc2ccccc2o1.[c-]1ccccc1-c1nc2ccccc2o1,Irbobtp
O=C([O-])c1ccccn1.[Ir+4].[c-]1ccccc1-c1nc2ccccc2o1.[c-]1ccccc1-c1nc2ccccc2o1,Irbopic
O=C([O-])c1cnccn1.[Ir+4].[c-]1ccccc1-c1nc2ccccc2o1.[c-]1ccccc1-c1nc2ccccc2o1,Irboprz
CC(C)/N=C(/[N-]C(C)C)N(c1ccccc1)c1ccccc1.[Ir+4].[c-]1ccccc1-c1nc2ccccc2o1.[c-]1ccccc1-c1nc2ccccc2o1,IrboxNiPr2CNPh2
O=c1oc2c3ccccc3cnc2c2[c-]cccc12.O=c1oc2c3ccccc3cnc2c2[c-]cccc12.O=c1oc2c3ccccc3cnc2c2[c-]cccc12.[Ir+4],Irbpio3
O=c1oc2cccnc2c2[c-]cccc12.O=c1oc2cccnc2c2[c-]cccc12.O=c1oc2cccnc2c2[c-]cccc12.[Ir+4],Irbppo3
O=S(=O)([N-][C@@H]1CCCC[C@H]1[N-]S(=O)(=O)c1ccccn1)c1ccccn1.[Cl-].[Cl-].[Ir+4],Ir-bpsa-Cy-Cl2-
O=S(=O)([N-]CC[N-]S(=O)(=O)c1ccccn1)c1ccccn1.[Cl-].[Cl-].[Ir+4],Ir-bpsa-en-Cl2-
O=S(=O)([N-]c1ccccc1[N-]S(=O)(=O)c1ccccn1)c1ccccn1.[Cl-].[Cl-].[Ir+4],Ir-bpsa-Ph-Cl2-
CC1=CC(C)=[N+]2C1=C(c1ccccc1)c1c(C)c(C#Cc3ccc(-c4ccccn4)nc3)c(C)n1[B-]2(F)F.[Ir+4].[c-]1ccccc1-c1ccccn1.[c-]1ccccc1-c1ccccn1,Ir-bpy2-dmgBF+
[C-]#[N+]c1cc(C(F)(F)F)cc(C(F)(F)F)c1.[C-]#[N+]c1cc(C(F)(F)F)cc(C(F)(F)F)c1.[Ir+4].[c-]1ccccc1-c1nc2ccccc2s1.[c-]1ccccc1-c1nc2ccccc2s1,IrbtCNAr-CF3+
[C-]#[N+]c1ccc([N+](=O)[O-])cc1.[C-]#[N+]c1ccc([N+](=O)[O-])cc1.[Ir].[c-]1ccccc1-c1nc2ccccc2s1.[c-]1ccccc1-c1nc2ccccc2s1,IrbtCNAr-NO2+
[C-]#[N+]c1ccc(OC)cc1OC.[C-]#[N+]c1ccc(OC)cc1OC.[Ir+4].[c-]1ccccc1-c1nc2ccccc2s1.[c-]1ccccc1-c1nc2ccccc2s1,IrbtCNAr-OMe+
FC(F)(F)c1ccnc(-c2cc(C(F)(F)F)ccn2)c1.[Ir+4].[c-]1ccccc1-c1nc2ccccc2s1.[c-]1ccccc1-c1nc2ccccc2s1,Ir-btp2-44dCF3bpy+
Cc1ccnc(-c2cc(C)ccn2)c1.[Ir+4].[c-]1ccccc1-c1nc2ccccc2s1.[c-]1ccccc1-c1nc2ccccc2s1,Ir-btp2-44dmbpy+
COc1ccnc(-c2cc(OC)ccn2)c1.[Ir+4].[c-]1ccccc1-c1nc2ccccc2s1.[c-]1ccccc1-c1nc2ccccc2s1,Ir-btp2-44dOMebpy+
[C-]#[N+]c1cc(C(F)(F)F)cc(C(F)(F)F)c1.[C-]#[N+]c1cc(C(F)(F)F)cc(C(F)(F)F)c1.[Ir+4].[c-]1c(-c2ccccn2)sc2ccccc12.[c-]1c(-c2ccccn2)sc2ccccc12,IrbtpCNAr-CF3+
[C-]#[N+]c1ccc([N+](=O)[O-])cc1.[C-]#[N+]c1ccc([N+](=O)[O-])cc1.[Ir+4].[c-]1c(-c2ccccn2)sc2ccccc12.[c-]1c(-c2ccccn2)sc2ccccc12,IrbtpCNAr-NO2+
[C-]#[N+]c1ccc(OC)cc1OC.[C-]#[N+]c1ccc(OC)cc1OC.[Ir+4].[c-]1c(-c2ccccn2)sc2ccccc12.[c-]1c(-c2ccccn2)sc2ccccc12,IrbtpCNAr-OMe+
CC(C)/N=C(/[N-]C(C)C)N(c1ccccc1)c1ccccc1.[Ir+4].[c-]1c(-c2ccccn2)sc2ccccc12.[c-]1c(-c2ccccn2)sc2ccccc12,IrbtpNiPr2CNPh2
CC(C)/N=C(/[N-]C(C)C)N(c1ccccc1)c1ccccc1.[Ir+4].[c-]1ccccc1-c1nc2ccccc2s1.[c-]1ccccc1-c1nc2ccccc2s1,IrbtzNiPr2CNPh2
CC(C)/N=C(/[N-]C(C)C)N(c1ccccc1)c1ccccc1.[Ir+4].[c-]1cccc2ccc3cccnc3c12.[c-]1cccc2ccc3cccnc3c12,IrbzqNiPr2CNPh2
O=C([N-]Cc1ccco1)c1ccccn1.[Ir+4].[c-]1cccc2ccc3cccnc3c12.[c-]1cccc2ccc3cccnc3c12,IrbzqNOO
CC(=O)C=C(C)[N-]c1ccccc1F.[Ir+4].[c-]1cccc2ccc3cccnc3c12.[c-]1cccc2ccc3cccnc3c12,Irbzq-pic-C6-1F
CC(=O)C=C(C)[N-]c1cccc(F)c1.[Ir+4].[c-]1cccc2ccc3cccnc3c12.[c-]1cccc2ccc3cccnc3c12,Irbzq-pic-C6-2F
CC(=O)C=C(C)[N-]c1c(F)c(F)c(F)c(F)c1F.[Ir+4].[c-]1cccc2ccc3cccnc3c12.[c-]1cccc2ccc3cccnc3c12,Irbzq-pic-C6H5
COCCOc1c(F)c(F)c([N-]C(C)=CC(C)=O)c(F)c1F.[Ir+4].[c-]1cccc2ccc3cccnc3c12.[c-]1cccc2ccc3cccnc3c12,Irbzq-picC6H5-OMe
C[n+]1[c-]n(-c2[c-]cc(C(F)(F)F)cc2)c2ccccc21.C[n+]1[c-]n(-c2[c-]cc(C(F)(F)F)cc2)c2ccccc21.C[n+]1[c-]n(-c2[c-]cc(C(F)(F)F)cc2)c2ccccc21.[Ir+4],Ir-CF3pmb3
CC(=O)/C=C(/C)[O-].FC(F)(F)c1ccc(-c2[c-]cccc2)nc1.FC(F)(F)c1ccc(-c2[c-]cccc2)nc1.[Ir+4],Ir-CF3ppy2-acac
C[n+]1[c-]n(-c2[c-]cc(C#N)cc2)c2ccccc21.C[n+]1[c-]n(-c2[c-]cc(C#N)cc2)c2ccccc21.C[n+]1[c-]n(-c2[c-]cc(C#N)cc2)c2ccccc21.[Ir+4],Ir-CNpmb3
Clc1c[c-]c(-c2nc3ccccc3n2-c2ccccc2)cc1.Clc1c[c-]c(-c2nc3ccccc3n2-c2ccccc2)cc1.[H]OC(=O)c1ccnc(-c2cc(C(=O)O[H])ccn2)c1.[Ir+4],IrcpbiH2dcbpy+
COC(=O)c1cccc(C(=O)/C=C(\[O-])c2cccs2)c1.Clc1c[c-]c(-c2nc3ccccc3n2-c2ccccc2)cc1.Clc1c[c-]c(-c2nc3ccccc3n2-c2ccccc2)cc1.[Ir+4],IrcpbiL
FC(F)(F)c1n[n-]c(-c2ccccn2)n1.Fc1c[c-]c(-c2nc3ccccn3c2C(F)(F)F)c(F)c1.Fc1c[c-]c(-c2nc3ccccn3c2C(F)(F)F)c(F)c1.[Ir+4],Ir-dF3CF3ip-3CF3-pt-tmpt
FC(F)(F)c1n[n-]c(-c2ccccn2)n1.Fc1c[c-]c(-c2nc3ccccn3c2C(F)(F)F)c(F)c1C(F)(F)F.Fc1c[c-]c(-c2nc3ccccn3c2C(F)(F)F)c(F)c1C(F)(F)F.[Ir+4],Ir-dF-5CF3-3CF3ip-3CF3-pt-tmpt
Fc1c[c-]c(-c2ccc(C(F)(F)F)cn2)c(F)c1.Fc1c[c-]c(-c2ccc(C(F)(F)F)cn2)c(F)c1.[Ir+4].c1ccc(Cn2cc(-c3ccccn3)nn2)cc1,Ir-dFCFppy2-ptb+
Cc1ccnc(-c2[c-]cc(F)c(C(F)(F)F)c2F)c1.Cc1ccnc(-c2[c-]cc(F)c(C(F)(F)F)c2F)c1.[Ir+4].c1ccc(Cn2cc(-c3ccccn3)nn2)cc1,Ir-dFCFppy-Me2-ptb+
N#Cc1c(F)c[c-]c(-c2ccccn2)c1F.N#Cc1c(F)c[c-]c(-c2ccccn2)c1F.[Ir+4].c1ccc(Cn2cc(-c3ccccn3)nn2)cc1,Ir-dFCNppy2-ptb+
CCCC[C@H](CC)Cn1c2ccccc2c2cc(-c3c[n-]c(-c4ccccn4)c3)ccc21.Fc1c[c-]c(-c2ccccn2)c(F)c1.Fc1c[c-]c(-c2ccccn2)c(F)c1.[Ir+4],Ir-dfppy2-PPC
Fc1c[c-]c(-c2ccccn2)c(F)c1.Fc1c[c-]c(-c2ccccn2)c(F)c1.[Ir+4].c1ccc(Cn2cc(-c3ccccn3)nn2)cc1,Ir-df-ppy2-ptb+
Fc1c[c-]c(-c2ccccn2)c(F)c1.Fc1c[c-]c(-c2ccccn2)c(F)c1.O=C(/C=C(\[O-])c1ccccc1)c1ccccc1.[Ir+4],IrdFppy-acpacp
Fc1c[c-]c(-c2ccccn2)c(F)c1.Fc1c[c-]c(-c2ccccn2)c(F)c1.[C-]#[N+]c1cc(C(F)(F)F)cc(C(F)(F)F)c1.[C-]#[N+]c1cc(C(F)(F)F)cc(C(F)(F)F)c1.[Ir+4],IrdfppyCNAr-CF3+
Fc1c[c-]c(-c2ccccn2)c(F)c1.Fc1c[c-]c(-c2ccccn2)c(F)c1.[C-]#[N+]c1ccc([N+](=O)[O-])cc1.[C-]#[N+]c1ccc([N+](=O)[O-])cc1.[Ir],IrdfppyCNAr-NO2+
Fc1c[c-]c(-c2ccccn2)c(F)c1.Fc1c[c-]c(-c2ccccn2)c(F)c1.[C-]#[N+]c1ccc(OC)cc1OC.[C-]#[N+]c1ccc(OC)cc1OC.[Ir+4],IrdfppyCNAr-OMe+
N#Cc1c(F)c[c-]c(-c2ccccn2)c1F.N#Cc1c(F)c[c-]c(-c2ccccn2)c1F.O=C([O-])c1ccccn1.[Ir+4],Irdfppy-CNpic
COC(=O)c1c(F)c[c-]c(-c2ccccn2)c1F.COC(=O)c1c(F)c[c-]c(-c2ccccn2)c1F.O=C([O-])c1ccccn1.[Ir+4],Irdfppy-CO2Mepic
O=C([O-])c1ccccn1.O=C(c1c(F)c[c-]c(-c2ccccn2)c1F)C(F)(F)F.O=C(c1c(F)c[c-]c(-c2ccccn2)c1F)C(F)(F)F.[Ir+4],Irdfppy-COCF3pic
CN(C)c1ccnc(-c2cc(N(C)C)ccn2)c1.Fc1c[c-]c(-c2ccccn2)c(F)c1.Fc1c[c-]c(-c2ccccn2)c(F)c1.[Ir+4],IrdFppy-dNCH3-bpy+
CC(C)/N=C(/[N-]C(C)C)N(c1ccccc1)c1ccccc1.Fc1c[c-]c(-c2ccccn2)c(F)c1.Fc1c[c-]c(-c2ccccn2)c(F)c1.[Ir+4],IrdfppyNiPr2CNPh2
Fc1c[c-]c(-c2ccccn2)c(F)c1.Fc1c[c-]c(-c2ccccn2)c(F)c1.[Ir+4].[O-]c1ccccc1C=Nc1ccccc1,IrdFppy-pip
O=C([O-])c1ccccn1.O=P(c1ccccc1)(c1ccccc1)c1c(F)c[c-]c(-c2ccccn2)c1F.O=P(c1ccccc1)(c1ccccc1)c1c(F)c[c-]c(-c2ccccn2)c1F.[Ir+4],Irdfppy-POPh2pic
O=C([O-])c1ccccn1.O=S(=O)(c1c(F)c[c-]c(-c2ccccn2)c1F)P(c1ccccc1)c1ccccc1.O=S(=O)(c1c(F)c[c-]c(-c2ccccn2)c1F)P(c1ccccc1)c1ccccc1.[Ir+4],Irdfppy-SO2-p-tol-pic
CN(C)c1ccnc(-c2cc(N(C)C)ccn2)c1.Fc1c[c-]c(-n2cccn2)c(F)c1.Fc1c[c-]c(-n2cccn2)c(F)c1.[Ir+4],Irdfppz44bdmadbp+
Fc1c[c-]c(-n2cccn2)c(F)c1.Fc1c[c-]c(-n2cccn2)c(F)c1.[Ir+4].c1ccc(-c2cccc(-c3ccccn3)n2)cc1,Irdfppz6Phdbp+
CC(C)(C)c1cc(-c2ccccc2)nc(-c2cc(C(C)(C)C)cc(-c3ccccc3)n2)c1.Fc1c[c-]c(-n2cccn2)c(F)c1.Fc1c[c-]c(-n2cccn2)c(F)c1.[Ir+4],Irdfppzdtb6dPhdbp+
CC(C)(C)c1ccnc(-c2cc(C(C)(C)C)cc(-c3ccccc3)n2)c1.Fc1c[c-]c(-n2cccn2)c(F)c1.Fc1c[c-]c(-n2cccn2)c(F)c1.[Ir+4],Irdfppzdtb6Phdbp+
Cc1cc(C)c(-c2ccccn2)[c-]c1-c1ccccn1.[Cl-].[Ir+4].c1ccc2[n-]c(-c3nc4ccccc4[nH]3)nc2c1,Ir-dpyx-BiBzImH-Cl
O=c1oc2cccnc2c2[c-]cc(F)cc12.O=c1oc2cccnc2c2[c-]cc(F)cc12.O=c1oc2cccnc2c2[c-]cc(F)cc12.[Ir+4],Irf-bppo3
Cc1ccn(-c2[c-]c(-n3ccc(C)n3)c(F)cc2F)n1.[Cl-].[Ir+4].[c-]1ccccc1-c1ccccn1,IrF-bpzb-ppy-Cl
Fc1c[c-]c(-c2ccc(C(F)(F)F)cn2)cc1.Fc1ccc(-c2[c-]cc(C(F)(F)F)cc2)nc1.[Ir+4].c1ccc(-c2ccc(C3=NC4c5cccnc5-c5ncccc5C4N3)cc2)cc1,IrFCFppy-dphNbpy+
COc1ccc(-c2nc3c4cccnc4c4ncccc4c3[nH]2)cc1.Fc1c[c-]c(-c2ccc(C(F)(F)F)cn2)cc1.Fc1c[c-]c(-c2ccc(C(F)(F)F)cn2)cc1.[Ir+4],IrFCFppy-phNOMebpy+
COc1ccc(C2=NC3c4cccnc4-c4ncccc4C3N2)cc1.Cc1ccnc(-c2[c-]ccc(F)c2)c1.Cc1ccnc(-c2[c-]ccc(F)c2)c1.[Ir+4],Ir-FMeppy-fmpOMe+
Cc1ccc(-c2[c-]cc(F)cc2)nc1.Cc1ccc(-c2[c-]cc(F)cc2)nc1.N#Cc1ccnc(-c2cc(C#N)ccn2)c1.[Ir+4],Ir-Fmppy2-dCNbpy+
Cc1ccc(CCc2ccnc(-c3[c-]cc(F)cc3)c2)cc1.Cc1ccc(CCc2ccnc(-c3[c-]cc(F)cc3)c2)cc1.Cc1ccc(CCc2ccnc(-c3[c-]cc(F)cc3)c2)cc1.[Ir+4],IrFppy-CH2CH2ph-Me3
CC(=O)/C=C(/C)[O-].CCOc1c[c-]c(-c2cc(C)ccn2)c(F)c1F.CCOc1c[c-]c(-c2cc(C)ccn2)c(F)c1F.[Ir+4],IrLG2acac
CCOc1c[c-]c(-c2cc(C)ccn2)c(F)c1F.CCOc1c[c-]c(-c2cc(C)ccn2)c(F)c1F.O=C([O-])c1ccccn1.[Ir+4],IrLG2pic
COc1c[c-]c(-c2nc3ccccc3n2-c2ccccc2)cc1OC.COc1c[c-]c(-c2nc3ccccc3n2-c2ccccc2)cc1OC.[H]OC(=O)c1ccnc(-c2cc(C(=O)O[H])ccn2)c1.[Ir+4],IrmpbiH2dcbpy+
COC(=O)c1cccc(C(=O)/C=C(\[O-])c2cccs2)c1.COc1c[c-]c(-c2nc3ccccc3n2-c2ccccc2)cc1OC.COc1c[c-]c(-c2nc3ccccc3n2-c2ccccc2)cc1OC.[Ir+4],IrmpbiL
CCCCCCCCCc1ccnc(-c2cc(CCCCCCCCC)ccn2)c1.Cc1c[c-]c(-c2ccccn2)cc1.Cc1c[c-]c(-c2ccccn2)cc1.[Ir+4],Ir-mppy2-nonbpy+
CCCC[C@H](CC)Cn1c2ccccc2c2cc(-c3c[n-]c(-c4ccccn4)c3)ccc21.[Ir+4].[c-]1ccc2ccccc2c1-c1ccccn1.[c-]1ccc2ccccc2c1-c1ccccn1,Ir-npy2-PPC
COc1c[c-]c(-n2[c-][n+](C)c3ccccc32)cc1.COc1c[c-]c(-n2[c-][n+](C)c3ccccc32)cc1.COc1c[c-]c(-n2[c-][n+](C)c3ccccc32)cc1.[Ir+4],Ir-OMepmb3
C1=CC(=C(c2ccccc2)c2ccc[n-]2)N=C1.[Ir+4].[c-]1c(-n2cccn2)ccc2c1OCO2.[c-]1c(-n2cccn2)ccc2c1OCO2,Irooppz2dipy-Ph
CC(C)(C)c1ccc2sc(-c3[c-]cccc3)nc2c1.CC(C)(C)c1ccc2sc(-c3[c-]cccc3)nc2c1.[Ir+4].[O-]/C(=C/c1ccccc1)c1nccn1-c1ccccc1,Ir-pbtz-picoPh
O=c1oc2ccccc2[c-]c1-c1ccccn1.O=c1oc2ccccc2[c-]c1-c1ccccn1.O=c1oc2ccccc2[c-]c1-c1ccccn1.[Ir+4],Irpc3
COc1ccc(/N=C2C(=N/c3ccc(OC)cc3)/c3cccc4cccc/2c34)cc1.[Ir+4].[c-]1ccccc1-c1cn(CCc2ccccc2)nn1.[c-]1ccccc1-c1cn(CCc2ccccc2)nn1,Irphtl24-MeOH-BIAN+
[Ir+4].[c-]1ccccc1-c1nccc2ccccc12.[c-]1ccccc1-c1nccc2ccccc12.c1ccc(-c2ccc(-c3ccncc3)cn2)nc1,Ir-piq2-2254tpy+
Fc1c[c-]c(-c2ccccn2)cc1.[Ir+4].[c-]1ccccc1-c1nccc2ccccc12.[c-]1ccccc1-c1nccc2ccccc12,Irpiq2fppy
CC(=O)/C=C(/C)[O-].Cc1cnc(-c2[c-]cccc2)c2ccccc12.Cc1cnc(-c2[c-]cccc2)c2ccccc12.[Ir+4],Irpiq-4Me-1-phen
CC(=O)/C=C(/C)[O-].COc1ccc2ccnc(-c3[c-]cccc3)c2c1.COc1ccc2ccnc(-c3[c-]cccc3)c2c1.[Ir+4],Irpiq-7-Me-1-pheny
CC(=O)/C=C(/C)[O-].COc1ccc2ccnc(-c3[c-]cc(C)cc3)c2c1.COc1ccc2ccnc(-c3[c-]cc(C)cc3)c2c1.[Ir+4],Irpiq-7-Me-1-p-toly
FC(F)(F)c1ccnc(-c2[c-]ccc3ccccc23)c1.FC(F)(F)c1ccnc(-c2[c-]ccc3ccccc23)c1.FC(F)(F)c1ccnc(C2[CH-]C=Cc3ccccc32)c1.[Ir+4],Irpiq-CF3
Fc1c[c-]c(-c2ccccn2)cc1.Fc1c[c-]c(-c2ccccn2)cc1.[Ir+4].[c-]1ccccc1-c1nccc2ccccc12,Irpiqfppy2
CC(C)/N=C(/[N-]C(C)C)N(c1ccccc1)c1ccccc1.[Ir+4].[c-]1ccccc1-c1nccc2ccccc12.[c-]1ccccc1-c1nccc2ccccc12,IrpiqNiPr2CNPh2
[Ir+4].[c-]1ccccc1-c1nccc2ccccc12.[c-]1ccccc1-c1nccc2ccccc12.c1cnc2c(c1)ccc1cn[n-]c12,Irpiqnnpiq
COC(=O)c1cccc(C(=O)/C=C(\[O-])c2cccs2)c1.[Ir+4].[c-]1ccccc1-c1ncc(-c2ccccc2)o1.[c-]1ccccc1-c1ncc(-c2ccccc2)o1,Irppo-acacSPh
[Ir+4].[c-]1ccccc1-c1ccccn1.[c-]1ccccc1-c1ccccn1.c1ccc([Si](c2ccccc2)(c2ccccc2)c2ccc(-c3ccnc(-c4cc(-c5ccc([Si](c6ccccc6)(c6ccccc6)c6ccccc6)cc5)ccn4)c3)cc2)cc1,"Irppy(4,4'-dTPS-bpy)+"
O=C(O)c1ccnc(-c2cc(C(=O)O)ccn2)c1.[Ir+4].[c-]1ccccc1-c1ccccn1.[c-]1ccccc1-c1ccccn1,Irppy2(H2dcbpy)+
COc1ccc(N=C2C(=Nc3ccc(OC)cc3)c3cccc4cccc2c34)cc1.[Ir+4].[c-]1ccccc1-c1ccccn1.[c-]1ccccc1-c1ccccn1,Irppy24-MeOH-BIAN+
NCCCCc1ccnc(-c2ccccn2)c1.[Ir+4].[c-]1ccccc1-c1ccccn1.[c-]1ccccc1-c1ccccn1,Ir-ppy2-bap+
CCOP(=O)(OCC)c1ccnc(-c2cc(P(=O)(OCC)OCC)ccn2)c1.[Ir+4].[c-]1ccccc1-c1ccccn1.[c-]1ccccc1-c1ccccn1,Irppy2bpy-dPE+
N#Cc1ccnc(-c2cc(C#N)ccn2)c1.[Ir+4].[c-]1ccccc1-c1ccccn1.[c-]1ccccc1-c1ccccn1,Ir-ppy2-dCNbpy+
[Ir+4].[c-]1ccccc1-c1ccccn1.[c-]1ccccc1-c1ccccn1.c1cnc(-c2cc(CCc3ccncc3)ccn2)c(CCc2ccncc2)c1,Irppy2dethqpy+
Cc1cc(C)c(/C(=C2\CCC=N2)c2ccc[n-]2)c(C)c1.[Ir+4].[c-]1ccccc1-c1ccccn1.[c-]1ccccc1-c1ccccn1,Irppy2dipy-Mesityl
Cc1ccc(-c2ccc(CBr)cn2)nc1.[Ir+4].[c-]1ccccc1-c1ccccn1.[c-]1ccccc1-c1ccccn1,Ir-ppy2-dmbpy-Br+
Cc1ccc(-c2ccc(C[n+]3ccc(/C=C/c4ccc(N(C)C)cc4)cc3)cn2)nc1.[Ir+4].[c-]1ccccc1-c1ccccn1.[c-]1ccccc1-c1ccccn1,Ir-ppy2-dmbpy-NPh2+
[Ir+4].[c-]1ccccc1-c1ccccn1.[c-]1ccccc1-c1ccccn1.c1ccc(CCc2ccnc(-c3ncccc3CCc3ccccc3)c2)cc1,Irppy2dpebpy+
[Ir+4].[NH-]CC[NH-].[c-]1ccccc1-c1ccccn1.[c-]1ccccc1-c1ccccn1,Ir-ppy2-en+
O=Cc1ccc(C2=NC3c4cccnc4-c4ncccc4C3N2)cc1.[Ir+4].[c-]1ccccc1-c1ccccn1.[c-]1ccccc1-c1ccccn1,Ir-ppy2-fmp+
Cc1ccnc(-c2ccc(CCc3ccnc(-c4cc(C)ccn4)c3)cn2)c1.[Ir+4].[c-]1ccccc1-c1ccccn1.[c-]1ccccc1-c1ccccn1,Irppy2-L1+
C/C(=C/C(C)=N/c1ccccc1)[N-]c1ccccc1.[Ir+4].[c-]1ccccc1-c1ccccn1.[c-]1ccccc1-c1ccccn1,Irppy2NacNacMe
CCOC(/C=C(\[N-]c1ccccc1)OCC)=N\c1ccccc1.[Ir+4].[c-]1ccccc1-c1ccccn1.[c-]1ccccc1-c1ccccn1,Irppy2NacNacOEt
[Ir+4].[c-]1ccccc1-c1ccccn1.[c-]1ccccc1-c1ccccn1.c1cnc2c(c1)[nH]c1cccnc12,Ir-ppy2-Nbpy+
[Ir+4].[c-]1ccccc1-c1ccccn1.[c-]1ccccc1-c1ccccn1.c1ccc(Cn2c3cccnc3c3ncccc32)cc1,Ir-ppy2-Nbpy-Bn+
FC(F)(F)c1ccc(Cn2c3cccnc3c3ncccc32)cc1.[Ir+4].[c-]1ccccc1-c1ccccn1.[c-]1ccccc1-c1ccccn1,Ir-ppy2-Nbpy-CF3Bn+
N#Cc1ccc(Cn2c3cccnc3c3ncccc32)cc1.[Ir+4].[c-]1ccccc1-c1ccccn1.[c-]1ccccc1-c1ccccn1,Ir-ppy2-Nbpy-CNBn+
[Ir+4].[NH-]Cc1ccccn1.[c-]1ccccc1-c1ccccn1.[c-]1ccccc1-c1ccccn1,Ir-ppy2-pam+
O=C([O-])c1ccccn1.[Ir+4].[c-]1ccccc1-c1ccccn1.[c-]1ccccc1-c1ccccn1,Ir-ppy2pico
CCCC[C@H](CC)Cn1c2ccccc2c2cc(-c3c[n-]c(-c4ccccn4)c3)ccc21.[Ir+4].[c-]1ccccc1-c1ccccn1.[c-]1ccccc1-c1ccccn1,Ir-ppy2-PPC
FC(F)(F)c1cc(C(F)(F)F)c(-c2ccccn2)[n-]1.[Ir+4].[c-]1ccccc1-c1ccccn1.[c-]1ccccc1-c1ccccn1,Ir-ppy2-PyPr-CF3
Cc1cc(C)c(-c2ccccn2)[n-]1.[Ir+4].[c-]1ccccc1-c1ccccn1.[c-]1ccccc1-c1ccccn1,Ir-ppy2-PyPr-CH3
[Ir+4].[c-]1ccccc1-c1ccccn1.[c-]1ccccc1-c1ccccn1.c1ccc(-c2cc(-c3ccccc3)c(-c3ccccn3)[n-]2)cc1,Ir-ppy2-PyPr-Ph
Cn1cc(-c2ccccn2)nn1.[Ir+4].[c-]1ccccc1-c1ccccn1.[c-]1ccccc1-c1ccccn1,Ir-ppy2-pytl-Me+
[Ir+4].[c-]1ccccc1-c1ccccn1.[c-]1ccccc1-c1ccccn1.c1cc(-c2ccnc(-c3cc(-c4ccncc4)ccn3)c2)ccn1,Irppy2qpy+
Cc1cc(C)cc(-n2cc(C(=O)[O-])nn2)c1.[Ir+4].[c-]1ccccc1-c1ccccn1.[c-]1ccccc1-c1ccccn1,Ir-ppy2tzco-dmph
O=C([O-])c1cn(-c2ccc(-c3ccccc3)cc2)nn1.[Ir+4].[c-]1ccccc1-c1ccccn1.[c-]1ccccc1-c1ccccn1,Ir-ppy2tzco-dph
COc1ccc(-n2cc(C(=O)[O-])nn2)cc1.[Ir+4].[c-]1ccccc1-c1ccccn1.[c-]1ccccc1-c1ccccn1,Ir-ppy2tzco-phMeO
Nc1ccc(-c2ccnc(-c3ccccn3)c2)cc1.[Ir+4].[c-]1ccccc1-c1ccccn1.[c-]1ccccc1-c1ccccn1,Ir-ppy-4-aphbpy+
O=C(/C=C(\[O-])c1ccccc1)c1ccccc1.[Ir+4].[c-]1ccccc1-c1ccccn1.[c-]1ccccc1-c1ccccn1,Irppy-acpacp
Brc1ccc(-c2ccccn2)nc1.CC(C)CC(=O)c1c[c-]c(-c2ccccn2)cc1.CCOC(=O)c1c[c-]c(-c2ccccn2)cc1.[Ir+4],Ir-ppy-COOEt2-5-Brbpy+
CC(C)CC(=O)c1c[c-]c(-c2ccccn2)cc1.CCOC(=O)c1c[c-]c(-c2ccccn2)cc1.[Ir+4].c1ccc(-c2ccc(-c3ccccn3)nc2)nc1,Ir-ppy-COOEt2-bpp+
CC(C)CC(=O)c1c[c-]c(-c2ccccn2)cc1.CCOC(=O)c1c[c-]c(-c2ccccn2)cc1.[Ir+4].c1ccc(-c2ccccn2)nc1,Ir-ppy-COOEt2-bpy+
CCOC(=O)c1c[c-]c(-c2ccccn2)cc1.CCOC(=O)c1c[c-]c(-c2ccccn2)cc1.CCOC(=O)c1ccnc(-c2cc(C(=O)OCC)ccn2)c1.[Ir+4],Ir-ppy-COOEt2-dceb+
CCOC(=O)c1c[c-]c(-c2ccccn2)cc1.CCOC(=O)c1c[c-]c(-c2ccccn2)cc1.CCOP(=O)(Cc1ccnc(-c2cc(CP(=O)(OCC)OCC)ccn2)c1)OCC.[Ir+4],Ir-ppy-COOEt2-dpb+
CCN(CC)c1ccc2[c-]c(-c3nc4ccccc4s3)c(=O)oc2c1.CCN(CC)c1ccc2[c-]c(-c3nc4ccccc4s3)c(=O)oc2c1.[Ir+4].c1ccc(-c2ccccn2)nc1,Ir-ppy-dmgNCH32+
CCOC(=O)c1ccc(-c2ccc(C(=O)OCC)cn2)nc1.[Ir+4].[c-]1ccccc1-c1ccccn1.[c-]1ccccc1-c1ccccn1,IrppyEt2dcbpy+
CCOC(=O)c1ccc(-c2ccc(C(=O)OCC)cn2)nc1.Fc1c[c-]c(-c2ccc(C(F)(F)F)cn2)c(F)c1.Fc1c[c-]c(-c2ccc(C(F)(F)F)cn2)c(F)c1.[Ir+4],IrppyF2-Et2dcbpy+
CC(C)/N=C(/[N-]C(C)C)N(c1ccccc1)c1ccccc1.[Ir+4].[c-]1ccccc1-c1ccccn1.[c-]1ccccc1-c1ccccn1,IrppyNiPr2CNPh2
O=C([N-]Cc1ccco1)c1ccccn1.[Ir+4].[c-]1ccccc1-c1ccccn1.[c-]1ccccc1-c1ccccn1,IrppyNOO
CCOP(=O)(Cc1c[c-]c(-c2ccccn2)cc1)OCC.CCOP(=O)(Cc1c[c-]c(-c2ccccn2)cc1)OCC.[Ir+4].c1ccc(-c2ccccn2)nc1,Irppy-PE2bpy+
[Ir+4].[c-]1ccccc1-c1ccccn1.[c-]1ccccc1-c1ccccn1.c1ccc(C2=NCCS2)nc1,Irppy-Spy+
O=C(O)c1ccnc(-c2cc(C(=O)O)ccn2)c1.[Ir+4].[c-]1ccccc1-n1cccn1.[c-]1ccccc1-n1cccn1,Irppz2(H2dcbpy)+
C1=CC(=Cc2ccc[n-]2)N=C1.[Ir+4].[c-]1ccccc1-n1cccn1.[c-]1ccccc1-n1cccn1,Irppz2dipy
CC(=C1C=CC=N1)c1ccc[n-]1.[Ir+4].[c-]1ccccc1-n1cccn1.[c-]1ccccc1-n1cccn1,Irppz2dipy-Me
Cc1cc(C)c(/C(=C2\CCC=N2)c2ccc[n-]2)c(C)c1.[Ir+4].[c-]1ccccc1-n1cccn1.[c-]1ccccc1-n1cccn1,Irppz2dipy-Mesityl
C1=C/C(=C(\c2ccccc2)c2ccc[n-]2)N=C1.[Ir+4].[c-]1ccccc1-n1cccn1.[c-]1ccccc1-n1cccn1,Irppz2dipy-Ph
[Ir+4].[c-]1ccccc1-n1cccn1.[c-]1ccccc1-n1cccn1.[c-]1ccccc1-n1cccn1,Ir-ppz3
Cc1cc(C)c(/C(=C2\CCC=N2)c2ccc[n-]2)c(C)c1.[Ir+4].[c-]1ccccc1-c1ccc2ccccc2n1.[c-]1ccccc1-c1ccc2ccccc2n1,Irpq2dipy-Mesityl
[Ir+4].[c-]1ccccc1-c1ccc2ccccc2n1.[c-]1ccccc1-c1ccc2ccccc2n1.c1cnc2c(c1)ccc1cn[n-]c12,Irpqnnpiq
Cc1cc(-c2[c-]cc3ccc4cccc5ccc2c3c45)nc2ccccc12.Cc1cc(-c2[c-]cc3ccc4cccc5ccc2c3c45)nc2ccccc12.Cc1ccnc(-c2cc(C)ccn2)c1.[Ir+4],Irpyr+
CC(=O)/C=C(/C)[O-].Cc1cc(-c2[c-]cc(-c3cccs3)s2)nc2ccccc12.Cc1cc(-c2[c-]cc(-c3cccs3)s2)nc2ccccc12.[Ir+4],Ir-q-bt-Me2-acac
Cc1cc(-c2[c-]cc(-c3cccs3)s2)nc2ccccc12.Cc1cc(-c2[c-]cc(-c3cccs3)s2)nc2ccccc12.[Ir+4].c1ccc(-c2ccccn2)nc1,Ir-q-bt-Me2-bpy+
CC(=O)/C=C(/C)[O-].[Ir+4].[c-]1cc(-c2cccs2)sc1-c1cc(-c2ccccc2)c2ccccc2n1.[c-]1cc(-c2cccs2)sc1-c1cc(-c2ccccc2)c2ccccc2n1,Ir-q-bt-Ph2-acac
[Ir+4].[c-]1cc(-c2cccs2)sc1-c1cc(-c2ccccc2)c2ccccc2n1.[c-]1cc(-c2cccs2)sc1-c1cc(-c2ccccc2)c2ccccc2n1.c1cnc2c(c1)ccc1cccnc12,Ir-q-bt-Ph2-phen+
CC#N.CC#N.CC(C)(C)c1ccc2sc(-c3[c-]cccc3)nc2c1.CC(C)(C)c1ccc2sc(-c3[c-]cccc3)nc2c1.[Ir+4],Ir-tBupbt-mCN2+
CC#N.CC#N.CC(C)(C)c1ccc2oc(-c3[c-]cccc3)nc2c1.CC(C)(C)c1ccc2oc(-c3[c-]cccc3)nc2c1.[Ir+4],Ir-tBupbtO-mCN2+
FC(F)(F)c1cc(C(F)(F)F)c(-c2ccccn2)[c-]c1-c1ccccn1.[Cl-].[Ir+4].c1ccc2[n-]c(-c3nc4ccccc4[nH]3)nc2c1,Ir-tfdpyb-BiBzImH-Cl
FC(F)(F)c1c[c-]c(-c2ccccn2)cc1.FC(F)(F)c1c[c-]c(-c2ccccn2)cc1.[Ir+4].c1ccc2[n-]c(-c3nc4ccccc4[nH]3)nc2c1,Ir-tfmppy2-BiBzImH
COC(=O)c1cccc(C(=O)/C=C(\[O-])c2cccs2)c1.[Ir+4].[c-]1ccsc1-c1nc2ccccc2n1-c1ccccc1.[c-]1ccsc1-c1nc2ccccc2n1-c1ccccc1,IrthbiL
Cc1ccc2nc(-c3ccccn3)n(-c3ccccc3)c2c1C.[Ir+4].[c-]1ccccc1-c1nnc(-c2ccccc2)n1-c1ccccc1.[c-]1ccccc1-c1nnc(-c2ccccc2)n1-c1ccccc1,Ir-tPhTAZ2-phpybi+
[Ir+4].[c-]1ccccc1-c1nnc(-c2ccccc2)n1-c1ccccc1.[c-]1ccccc1-c1nnc(-c2ccccc2)n1-c1ccccc1.c1ccc(-n2cccn2)nc1,Ir-tPhTAZ-pzpy+
C#Cc1ccc(C2=NC3c4cccnc4-c4ncccc4C3N2)cc1.Cn1[c-][n+](-c2[c-]cc(C(F)(F)F)cc2)cc1.Cn1[c-][n+](-c2[c-]cc(C(F)(F)F)cc2)cc1.[Ir+4],Ir-tpmi2-epip+
Cc1c[c-]c(-c2ccccn2)cc1.Cc1c[c-]c(-c2ccccn2)cc1.O=C([O-])c1ccccn1.[Ir+4],Ir-tpy2pico
[Cl-].[Ir+4].[c-]1c(-c2nc3ccccc3[nH]2)cccc1-c1nc2ccccc2[nH]1.c1ccc(-c2cccc(-c3ccccn3)n2)nc1,Ir-tpy-bbibH2-Cl+
Cn1c(-c2[c-]c(-c3nc4ccccc4n3C)ccc2)nc2ccccc21.[Cl-].[Ir+4].c1ccc(-c2cccc(-c3ccccn3)n2)nc1,Ir-tpy-bmbib-Cl+
FC(F)(F)c1ccc(-c2[c-]c3ccccc3s2)nc1.[Cl-].[Ir+4].c1ccc(-c2cccc(-c3ccccn3)n2)nc1,Irtpy-btpCF3+
Cn1c(-c2[c-]cccc2)nc2ccccc21.[Cl-].[Ir+4].c1ccc(-c2cccc(-c3ccccn3)n2)nc1,Ir-tpy-mbib-Cl+
CC(C)/N=C(/[N-]C(C)C)N(c1ccccc1)c1ccccc1.Cc1c[c-]c(-c2ccccn2)cc1.Cc1c[c-]c(-c2ccccn2)cc1.[Ir+4],IrtpyNiPr2CNPh2
CC(C)(C)c1ccnc(-c2cc(C(C)(C)C)cc(-c3cc(C(C)(C)C)ccn3)n2)c1.FC(F)(F)c1ccc(-c2[c-]c3ccccc3s2)nc1.[Cl-].[Ir+4],Ir-tpytBu-btpCF3+
C(c1nnn[n-]1)c1nnn[n-]1.C[n+]1nn(Cc2ccccc2)[c-]c1-c1ccccn1.C[n+]1nn(Cc2ccccc2)[c-]c1-c1ccccn1.[Ir+4],Ir-trizpy2-b-trz+
C[n+]1nn(Cc2ccccc2)[c-]c1-c1ccccn1.C[n+]1nn(Cc2ccccc2)[c-]c1-c1ccccn1.[Cl-].[Cl-].[Ir+4],Ir-trizpy2-Cl2+
CC(C)(C)c1ccnc(-c2cc(C(C)(C)C)cc(-c3cc(C(C)(C)C)ccn3)n2)c1.Cc1ccc(-c2[c-]cc(F)cc2F)nc1.[Cl-].[Ir+4],Ir-ttbutpy-24dFmppy-Cl+
CC(C)(C)c1ccnc(-c2cc(C(C)(C)C)cc(-c3cc(C(C)(C)C)ccn3)n2)c1.Cc1ccc(-c2[c-]cc(F)cc2F)nc1.[C-]#N.[Ir+4],Ir-ttbutpy-24dFmppy-CN+
CC(C)(C)c1ccnc(-c2cc(C(C)(C)C)cc(-c3cc(C(C)(C)C)ccn3)n2)c1.Cc1ccc(-c2[c-]cccc2F)nc1.[Cl-].[Ir+4],Ir-ttbutpy-2-Fmppy-Cl+
CC(C)(C)c1ccnc(-c2cc(C(C)(C)C)cc(-c3cc(C(C)(C)C)ccn3)n2)c1.Cc1ccc(-c2[c-]cc(F)cc2)nc1.[Cl-].[Ir+4],Ir-ttbutpy-4-Fmppy-Cl+
CC(C)(C)c1ccnc(-c2cc(C(C)(C)C)cc(-c3cc(C(C)(C)C)ccn3)n2)c1.Cc1ccc(-c2[c-]cc(F)cc2)nc1.[C-]#N.[Ir+4],Ir-ttbutpy-4-Fmppy-CN+
CC(C)(C)c1ccnc(-c2cc(C(C)(C)C)cc(-c3cc(C(C)(C)C)ccn3)n2)c1.[Cl-].[Cl-].[Cl-].[Ir+4],Ir-ttbutpy-Cl3
O=C(O)c1c[c-]c(-c2ccccn2)cc1.[Cl-].[Ir+4].c1ccc(-c2cccc(-c3ccccn3)n2)nc1,Ir-ttbutpy-COOH+
CC(C)(C)c1ccnc(-c2cc(C(C)(C)C)cc(-c3cc(C(C)(C)C)ccn3)n2)c1.Cc1ccc(-c2[c-]cccc2)nc1.[Cl-].[Ir+4],Ir-ttbutpy-mppy-Cl+
CC(C)(C)c1ccnc(-c2cc(C(C)(C)C)cc(-c3cc(C(C)(C)C)ccn3)n2)c1.COc1ccc(-c2[c-]c(F)c(F)c(F)c2F)nc1.[Cl-].[Ir+4],Ir-ttbutpy-PFMeOppy-Cl+
CC(C)(C)c1ccnc(-c2cc(C(C)(C)C)cc(-c3cc(C(C)(C)C)ccn3)n2)c1.COc1ccc(-c2[c-]c(F)c(F)c(F)c2F)nc1.[C-]#N.[Ir+4],Ir-ttbutpy-PFMeOppy-CN+
CC(C)(C)c1ccnc(-c2cc(C(C)(C)C)cc(-c3cc(C(C)(C)C)ccn3)n2)c1.Cc1ccc(-c2[c-]c(F)c(F)c(F)c2F)nc1.[Cl-].[Ir+4],Ir-ttbutpy-PFmppy-Cl+
O=C(O)c1ccc(-c2cc(-c3ccccn3)nc(-c3ccccn3)c2)cc1.[Cl-].[Ir+4].[c-]1ccccc1-c1ccccn1,Ir-ttbutpy-phCOOH+
Cc1ccc(-c2cc(-c3ccccn3)nc(-c3ccccn3)c2)cc1.Cc1ccc(-c2cc(-c3ccccn3)nc(-c3ccccn3)c2)cc1.[Ir+4],Irttpy23+
Fc1c[c-]c(-n2cccn2)c(F)c1.Fc1c[c-]c(-n2cccn2)c(F)c1.[Ir+4].[c-]1ccccc1-c1ccco1,mer-Ir(dfppz)2(pf)
C.Fc1c[c-]c(-n2cccn2)c(F)c1.Fc1c[c-]c(-n2cccn2)c(F)c1.[Ir+4].[c-]1ccccc1-c1cccs1,mer-Ir(dfppz)2(ptp)
[Ir+4].[c-]1ccccc1-c1ccccn1.[c-]1ccccc1-c1ccccn1.[c-]1ccccc1-c1ccco1,mer-Ir(ppy)2(pf)
[Ir+4].[c-]1ccccc1-c1ccccn1.[c-]1ccccc1-c1ccccn1.[c-]1ccccc1-c1cccs1,mer-Ir(ppy)2(ptp)
O=C([O-])c1ncccc1OCc1ccc(-n2c3ccccc3c3ccccc32)cc1.[Ir+4].[c-]1ccc2ccccc2c1-c1nc2ccccc2s1.[c-]1ccc2ccccc2c1-c1nc2ccccc2s1,nbtIrpic-Cz
O=C([O-])C1=NC=CC=C1O.[C-]1=C(C2=NC3=C(C=CC=C3)S2)C2=C(C=C1)C=CC=C2.[C-]1=C(C2=NC3=C(C=CC=C3)S2)C2=C(C=C1)C=CC=C2.[Ir+4],nbtIrpic-OH
CC(C)(C)c1ccc(-c2nnc(-c3ccc(COc4cccnc4C(=O)[O-])cc3)o2)cc1.[Ir+4].[c-]1ccc2ccccc2c1-c1nc2ccccc2s1.[c-]1ccc2ccccc2c1-c1nc2ccccc2s1,nbtIrpic-Ox
[Ir+4].[c-]1c(-c2ccccn2)sc2ccccc12.[c-]1c(-c2ccccn2)sc2ccccc12.c1ccc(CN(Cc2ccccn2)Cc2ccnc3c2ccc2cccnc23)nc1,ZIrbtp+
FC(F)(F)c1c[c-]c(-c2ccccn2)c(C(F)(F)F)c1.FC(F)(F)c1c[c-]c(-c2ccccn2)c(C(F)(F)F)c1.[Ir+4].c1ccc(CN(Cc2ccccn2)Cc2ccnc3c2ccc2cccnc23)nc1,ZIrdCF3+
Fc1c[c-]c(-c2ccccn2)c(F)c1.Fc1c[c-]c(-c2ccccn2)c(F)c1.[Ir+4].c1ccc(CN(Cc2ccccn2)Cc2ccnc3c2ccc2cccnc23)nc1,ZIrdfppy+
COc1cc[c-]c(-c2ccccn2)c1.COc1cc[c-]c(-c2ccccn2)c1.[Ir+4].c1ccc(CN(Cc2ccccn2)Cc2ccnc3c2ccc2cccnc23)nc1,ZIrdOMe+
Fc1c[c-]c(-c2ccccn2)cc1.Fc1c[c-]c(-c2ccccn2)cc1.[Ir+4].c1ccc(CN(Cc2ccccn2)Cc2ccnc3c2ccc2cccnc23)nc1,ZIrfppy+
[Ir+4].[c-]1ccccc1-c1nc2ccccc2s1.[c-]1ccccc1-c1nc2ccccc2s1.c1ccc(CN(Cc2ccccn2)Cc2ccnc3c2ccc2cccnc23)nc1,ZIrpbt+
[Ir+4].[c-]1ccccc1-c1ccccn1.[c-]1ccccc1-c1ccccn1.c1ccc(CN(Cc2ccccn2)Cc2ccnc3c2ccc2cccnc23)nc1,ZIrppy+
[Ir+4].[c-]1ccc(-c2ccccc2)cc1-c1ccccn1.[c-]1ccc(-c2ccccc2)cc1-c1ccccn1.c1ccc(-c2ccnc(-c3cc(-c4ccccc4)ccn3)c2)cc1,Ir-phppy-bpbpy+
CN(C)c1c[c-]c(-c2nc3cc(C(F)(F)F)ccc3s2)cc1.CN(C)c1c[c-]c(-c2nc3cc(C(F)(F)F)ccc3s2)cc1.[H]OC(=O)c1ccnc(-c2cc(C(=O)O)ccn2)c1.[Ir+4],Ir3CFbt-HbpdcNMe
Cc1c(C)c(C)[c-](C)c1C.[H]O[H].[Ir+4].c1ccc(C2=NCCN2)nc1,IrCpNNHppH2O2+
CC(=O)/C=C(/C)[O-].CN(C)c1c[c-]c(-c2nc3ccccc3s2)cc1.CN(C)c1c[c-]c(-c2nc3ccccc3s2)cc1.[Ir+4],Irdmabt2acac
Cn1c(-c2cccc(-c3nc4ccccc4n3C)n2)nc2ccccc21.Cn1c(-c2cccc(-c3nc4ccccc4n3C)n2)nc2ccccc21.[Ir+4],IrMebip23+
[Ir+4].[c-]1ccc2ccccc2c1-c1ccccn1.[c-]1ccc2ccccc2c1-c1ccccn1.[c-]1ccc2ccccc2c1-c1ccccn1,Irnpy3
Cn1[c-][n+](-c2[c-]cccc2)cc1.Cn1[c-][n+](-c2[c-]cccc2)cc1.Cn1[c-][n+](-c2[c-]cccc2)cc1.[Ir+4],Irppy-otm
[Cl-].[Ir+4].[c-]1c(-c2ccccn2)sc2ccccc12.c1ccc(-c2cccc(-c3ccccn3)n2)nc1,Irtpy-btp+
COc1cc[c-]c(-c2cc(-c3ccccc3)ccn2)c1.COc1cc[c-]c(-c2cc(-c3ccccc3)ccn2)c1.O=C1C(=O)c2cccnc2-c2ncccc21.[Ir+4],Ir-PhOMeppy2-CObpy+
FC(F)(F)c1ccnc(-c2cc(C(F)(F)F)ccn2)c1.Fc1c[c-]c(-c2ccc(C(F)(F)F)cn2)c(F)c1.Fc1c[c-]c(-c2ccc(C(F)(F)F)cn2)c(F)c1.[Ir+4],Ir-dFCFppy2-dCFbpy+
Fc1c[c-]c(-c2nnc(-c3ccc(F)cc3)n2-c2ccccc2)cc1.Fc1c[c-]c(-c2nnc(-c3ccc(F)cc3)n2-c2ccccc2)cc1.[Ir+4].c1ccc(-c2ccccn2)nc1,Ir-FtPhTAZ2-bpy+
Cc1ccnc(-c2cc(C)ccn2)c1.Fc1c[c-]c(-c2nnc(-c3ccc(F)cc3)n2-c2ccccc2)cc1.Fc1c[c-]c(-c2nnc(-c3ccc(F)cc3)n2-c2ccccc2)cc1.[Ir+4],Ir-FtPhTAZ2-dmebpy+
Cn1c(-c2[c-]cccc2)nc2ccccc21.Cn1c(-c2[c-]cccc2)nc2ccccc21.[Ir+4].c1ccc2nc3c4cccnc4c4ncccc4c3nc2c1,Ir-mbib2-dppz+
Cn1c(-c2[c-]c3ccccc3cc2)nc2ccccc21.Cn1c(-c2[c-]c3ccccc3cc2)nc2ccccc21.[Ir+4].c1ccc2nc3c4cccnc4c4ncccc4c3nc2c1,Ir-mbinap2-dppz+
Cn1c(-c2[c-]ccs2)nc2ccccc21.Cn1c(-c2[c-]ccs2)nc2ccccc21.[Ir+4].c1ccc2nc3c4cccnc4c4ncccc4c3nc2c1,Ir-mbith2-dppz+
COc1c[c-]c(-c2nc3ccccc3s2)cc1.COc1c[c-]c(-c2nc3ccccc3s2)cc1.O=C1C(=O)c2cccnc2-c2ncccc21.[Ir+4],Ir-OMeptp2-CObpy+
Brc1ccc(-c2cc3cccnc3c3ncccc23)cc1.[Ir+4].[c-]1ccccc1-c1ccccn1.[c-]1ccccc1-c1ccccn1,Ir-ppy2-BrPh-phen+
CC(C)(C)c1ccnc(-c2[c-]cc(F)cc2)c1.CC(C)(C)c1ccnc(-c2[c-]cc(F)cc2)c1.[C-]#[N+]C(C)(C)C.[C-]#[N+]C(C)(C)C.[Ir+4],Ir-tBuFppy2-tBuCN2+
CC(C)(C)c1cc[c-]c(-c2ccccn2)c1.CC(C)(C)c1cc[c-]c(-c2ccccn2)c1.COc1ccnc(-c2cc(OC)ccn2)c1.[Ir+4],Ir-tBuppy2-dOMebpy+
Cc1c[c-]c(-c2ccccn2)cc1.Cc1c[c-]c(-c2ccccn2)cc1.[Ir+4].c1cc(CCc2ccnc(-c3cc(CCc4ccncc4)ccn3)c2)ccn1,Ir-tolpy2-dethqpy+
Cc1c[c-]c(-c2ccccn2)cc1.Cc1c[c-]c(-c2ccccn2)cc1.[Ir+4].c1ccc(CCc2ccnc(-c3cc(CCc4ccccc4)ccn3)c2)cc1,Ir-tolpy2-dpebpy+
Cc1c[c-]c(-c2ccccn2)cc1.Cc1c[c-]c(-c2ccccn2)cc1.[Ir+4].c1cc(-c2ccnc(-c3cc(-c4ccncc4)ccn3)c2)ccn1,Ir-tolpy2-qpy+
Cn1c(-c2ccccn2)nc2ccccc21.[Ir+4].[c-]1ccccc1-c1nnc(-c2ccccc2)n1-c1ccccc1.[c-]1ccccc1-c1nnc(-c2ccccc2)n1-c1ccccc1,Ir-tPhTAZ2-mepybi+
FC(F)(F)c1cc[c-]c(-c2nc3ccccc3s2)c1.FC(F)(F)c1cc[c-]c(-c2nc3ccccc3s2)c1.[H]OC(=O)c1ccnc(-c2cc(C(=O)O)ccn2)c1.[Ir+4],Ir5CFbt-Hbpdc
Cc1cccc(C)c1-c1ccc[c-]c1-[n+]1[c-]n(C)cc1.Cc1cccc(C)c1-c1ccc[c-]c1-[n+]1[c-]n(C)cc1.Cc1cccc(C)c1-c1ccc[c-]c1-[n+]1[c-]n(C)cc1.[Ir+4],Irppy-otm-diMePh
Cn1[c-][n+](-c2[c-]cccc2-c2ccccc2)cc1.Cn1[c-][n+](-c2[c-]cccc2-c2ccccc2)cc1.Cn1[c-][n+](-c2[c-]cccc2-c2ccccc2)cc1.[Ir+4],Irppy-otm-Ph
FC(F)(F)c1ccc(-c2ccc(C(F)(F)F)cn2)nc1.[Ir+4].[c-]1ccccc1-c1ccccn1.[c-]1ccccc1-c1ccccn1,Ir-ppy2-55CFbpy+
FC(F)(F)c1[c-]c(-c2ccccn2)cc(C(F)(F)F)c1.FC(F)(F)c1[c-]c(-c2ccccn2)cc(C(F)(F)F)c1.[Ir+4].c1ccc2nc3c(ccc4nccnc43)nc2c1,IrdCF3ppy-pzph+
FC(F)(F)c1[c-]c(-c2ccccn2)cc(C(F)(F)F)c1.FC(F)(F)c1[c-]c(-c2ccccn2)cc(C(F)(F)F)c1.[Ir+4].c1cnc2c(ccc3nccnc32)n1,IrdCF3ppy-TAP+
FC(F)(F)c1[c-]c(-c2ccccn2)cc(C(F)(F)F)c1.FC(F)(F)c1[c-]c(-c2ccccn2)cc(C(F)(F)F)c1.[Ir+4].c1ccc2c(c1)ccc1nc3c(ccc4nccnc43)nc12,IrdCF3ppy-bpph+
Fc1c[c-]c(-c2ccc(C(F)(F)F)cn2)c(F)c1.Fc1c[c-]c(-c2ccc(C(F)(F)F)cn2)c(F)c1.[H]Oc1c(-c2nc3ccccc3[nH]2)cc(-c2ccnc(-c3ccccn3)c2)cc1C(C)(C)C.[Ir+4],Ir-dfcf3ppy-bpy-tbupy+
Cc1ccnc(Sc2cc(C)ccn2)c1.[Ir+4].[c-]1ccccc1-c1ccccn1.[c-]1ccccc1-c1ccccn1,Irppydmbpy-S+
Cc1ccnc(S(=O)c2cc(C)ccn2)c1.[Ir+4].[c-]1ccccc1-c1ccccn1.[c-]1ccccc1-c1ccccn1,Irppydmbpy-SO+
Cc1ccnc(S(=O)(=O)c2cc(C)ccn2)c1.[Ir+4].[c-]1ccccc1-c1ccccn1.[c-]1ccccc1-c1ccccn1,Irppydmbpy-SO2+
Fc1c[c-]c(-c2ccccn2)c(F)c1.Fc1c[c-]c(-c2ccccn2)c(F)c1.[Ir+4].c1ccc(-c2nc3ccccc3[nH]2)nc1,Ir-dfppy-bi+
Fc1c[c-]c(-c2ccccn2)c(F)c1.Fc1c[c-]c(-c2ccccn2)c(F)c1.Ic1ccc(Cn2c(-c3ccccn3)nc3ccccc32)cc1.[Ir+4],Ir-dfppy-mpbi-I+
Cn1[c-][n+](-c2[c-]ccc3c2oc2ccccc23)cc1.Cn1[c-][n+](-c2[c-]ccc3c2oc2ccccc23)cc1.Cn1[c-][n+](-c2[c-]ccc3c2oc2ccccc23)cc1.[Ir+4],m-Ir-O-Me
CC(C)n1[c-][n+](-c2[c-]ccc3c2sc2ccccc23)cc1.CC(C)n1[c-][n+](-c2[c-]ccc3c2sc2ccccc23)cc1.CC(C)n1[c-][n+](-c2[c-]ccc3c2sc2ccccc23)cc1.[Ir+4],m-Ir-S-iPr
Fc1c[c-]c(-c2ccccn2)c(F)c1.Fc1c[c-]c(-c2ccccn2)c(F)c1.[H]Oc1ccc2ccccc2c1-c1nc2c3cccnc3c3ncccc3c2n1-c1ccccc1.[Ir],Ir-dfppy-PIPN+
Cc1ccnc(-c2cc(C)ccn2)c1.Cc1ccnc(-c2cc(C)ccn2)c1.[Cl-].[Cl-].[Ir+4],Ir-dmbpy2-Cl2+
CC(C)(C)c1ccnc(-c2cc(C(C)(C)C)ccn2)c1.CC(C)(C)c1ccnc(-c2cc(C(C)(C)C)ccn2)c1.[Cl-].[Cl-].[Ir+4],Ir-dtBubpy2-Cl2+
C/C(=C/C(C)=N/C1CCCCC1)[N-]C1CCCCC1.[Ir+4].[c-]1ccccc1-c1ccccn1.[c-]1ccccc1-c1ccccn1,Ir-ppy2-NacMe
CN(C)C(/C=C(\[N-]c1ccccc1)N(C)C)=N\c1ccccc1.[Ir+4].[c-]1ccccc1-c1ccccn1.[c-]1ccccc1-c1ccccn1,Irppy2NacNacNMe2
CC1=C(C)C(C)C(C)=C1C.[Cl-].[Ir].c1ccc(-c2ccccn2)nc1,CpIrbpyCl+
Fc1c[c-]c(-c2ccccn2)c(F)c1.Fc1c[c-]c(-c2ccccn2)c(F)c1.[C-]#[N+]c1ccccc1-c1cccc(-c2ccccc2[N+]#[C-])c1.[Ir+4],Ir-dfppyCN+
Cc1nc2ccccc2nc1-c1[c-]cccc1.Cc1nc2ccccc2nc1-c1[c-]cccc1.[C-]#[N+]c1ccccc1-c1cccc(-c2ccccc2[N+]#[C-])c1.[Ir+4],Ir-pquCN+
CC(C)(C)c1c[c-]c(-c2ccc(C(F)(F)F)cn2)cc1.CC(C)(C)c1c[c-]c(-c2ccc(C(F)(F)F)cn2)cc1.CC(C)(C)c1c[c-]c(-c2ccc(C(F)(F)F)cn2)cc1.[Ir+4],IrCFtBuppy
Fc1[c-]c(-c2nc3ccccc3o2)cc(F)c1.Fc1[c-]c(-c2nc3ccccc3o2)cc(F)c1.N#Cc1ccncc1.[Cl-].[Ir+4],Irdfpbo-4cnpy-Cl
Fc1[c-]c(-c2nc3ccccc3o2)cc(F)c1.Fc1[c-]c(-c2nc3ccccc3o2)cc(F)c1.N#Cc1ccncc1.[I-].[Ir+4],Irdfpbo-4cnpy-I
O=S(=O)([O-])c1cc(-c2ccccn2)[c-]cc1F.O=S(=O)([O-])c1cc(-c2ccccn2)[c-]cc1F.O=S(=O)([O-])c1cc(-c2ccccn2)[c-]cc1F.[Ir+4],IrFSO3ppy33-
